prefixo,nome,transmissao,valor_leitura_plu,valor,intervalo
1000350,RIBEIRÃO DOS COUROS - MERCEDES BENS,WEBSERVICE,0.0,0.0,2019-01-03 00:00:00 UTC
1000350,RIBEIRÃO DOS COUROS - MERCEDES BENS,WEBSERVICE,0.0,0.0,2019-01-04 00:00:00 UTC
1000350,RIBEIRÃO DOS COUROS - MERCEDES BENS,WEBSERVICE,0.0,0.0,2019-01-05 00:00:00 UTC
1000350,RIBEIRÃO DOS COUROS - MERCEDES BENS,WEBSERVICE,0.0,0.0,2019-01-06 00:00:00 UTC
1000350,RIBEIRÃO DOS COUROS - MERCEDES BENS,WEBSERVICE,0.0,0.0,2019-01-07 00:00:00 UTC
1000350,RIBEIRÃO DOS COUROS - MERCEDES BENS,WEBSERVICE,0.0,0.0,2019-01-08 00:00:00 UTC
1000350,RIBEIRÃO DOS COUROS - MERCEDES BENS,WEBSERVICE,0.0,0.0,2019-01-09 00:00:00 UTC
1000350,RIBEIRÃO DOS COUROS - MERCEDES BENS,WEBSERVICE,30.8,2.996,2019-01-10 00:00:00 UTC
1000350,RIBEIRÃO DOS COUROS - MERCEDES BENS,WEBSERVICE,10.8,13.435,2019-01-11 00:00:00 UTC
1000350,RIBEIRÃO DOS COUROS - MERCEDES BENS,WEBSERVICE,0.0,0.0,2019-01-12 00:00:00 UTC
1000350,RIBEIRÃO DOS COUROS - MERCEDES BENS,WEBSERVICE,8.6,2.832,2019-01-13 00:00:00 UTC
1000350,RIBEIRÃO DOS COUROS - MERCEDES BENS,WEBSERVICE,12.2,6.319,2019-01-14 00:00:00 UTC
1000350,RIBEIRÃO DOS COUROS - MERCEDES BENS,WEBSERVICE,0.6,4.3,2019-01-15 00:00:00 UTC
1000350,RIBEIRÃO DOS COUROS - MERCEDES BENS,WEBSERVICE,0.2,0.242,2019-01-16 00:00:00 UTC
1000350,RIBEIRÃO DOS COUROS - MERCEDES BENS,WEBSERVICE,0.0,0.068,2019-01-17 00:00:00 UTC
1000350,RIBEIRÃO DOS COUROS - MERCEDES BENS,WEBSERVICE,67.0,20.69,2019-01-18 00:00:00 UTC
1000350,RIBEIRÃO DOS COUROS - MERCEDES BENS,WEBSERVICE,45.0,27.382,2019-01-19 00:00:00 UTC
1000350,RIBEIRÃO DOS COUROS - MERCEDES BENS,WEBSERVICE,5.6,17.21,2019-01-20 00:00:00 UTC
1000350,RIBEIRÃO DOS COUROS - MERCEDES BENS,WEBSERVICE,1.6,2.114,2019-01-21 00:00:00 UTC
1000350,RIBEIRÃO DOS COUROS - MERCEDES BENS,WEBSERVICE,1.8,1.083,2019-01-22 00:00:00 UTC
1000350,RIBEIRÃO DOS COUROS - MERCEDES BENS,WEBSERVICE,0.0,0.613,2019-01-23 00:00:00 UTC
1000350,RIBEIRÃO DOS COUROS - MERCEDES BENS,WEBSERVICE,0.0,0.0,2019-01-24 00:00:00 UTC
1000350,RIBEIRÃO DOS COUROS - MERCEDES BENS,WEBSERVICE,15.4,3.949,2019-01-25 00:00:00 UTC
1000350,RIBEIRÃO DOS COUROS - MERCEDES BENS,WEBSERVICE,0.0,9.48,2019-01-26 00:00:00 UTC
1000350,RIBEIRÃO DOS COUROS - MERCEDES BENS,WEBSERVICE,2.8,2.042,2019-01-29 00:00:00 UTC
1000350,RIBEIRÃO DOS COUROS - MERCEDES BENS,WEBSERVICE,0.0,0.953,2019-01-30 00:00:00 UTC
1000350,RIBEIRÃO DOS COUROS - MERCEDES BENS,WEBSERVICE,0.0,0.0,2019-01-31 00:00:00 UTC
1000370,Ribeirão dos Couros - Piraporinha Casa Grande,WEBSERVICE,0.0,0.0,2019-01-01 00:00:00 UTC
1000370,Ribeirão dos Couros - Piraporinha Casa Grande,WEBSERVICE,7.2,1.642,2019-01-02 00:00:00 UTC
1000370,Ribeirão dos Couros - Piraporinha Casa Grande,WEBSERVICE,3.6,3.06,2019-01-03 00:00:00 UTC
1000370,Ribeirão dos Couros - Piraporinha Casa Grande,WEBSERVICE,51.4,16.828,2019-01-04 00:00:00 UTC
1000370,Ribeirão dos Couros - Piraporinha Casa Grande,WEBSERVICE,23.2,23.714,2019-01-05 00:00:00 UTC
1000370,Ribeirão dos Couros - Piraporinha Casa Grande,WEBSERVICE,24.0,8.39,2019-01-06 00:00:00 UTC
1000370,Ribeirão dos Couros - Piraporinha Casa Grande,WEBSERVICE,0.0,7.418,2019-01-07 00:00:00 UTC
1000370,Ribeirão dos Couros - Piraporinha Casa Grande,WEBSERVICE,27.6,7.706,2019-01-08 00:00:00 UTC
1000370,Ribeirão dos Couros - Piraporinha Casa Grande,WEBSERVICE,0.0,9.392,2019-01-09 00:00:00 UTC
1000370,Ribeirão dos Couros - Piraporinha Casa Grande,WEBSERVICE,48.6,5.172,2019-01-10 00:00:00 UTC
1000370,Ribeirão dos Couros - Piraporinha Casa Grande,WEBSERVICE,9.0,19.008,2019-01-11 00:00:00 UTC
1000370,Ribeirão dos Couros - Piraporinha Casa Grande,WEBSERVICE,0.0,0.0,2019-01-12 00:00:00 UTC
1000370,Ribeirão dos Couros - Piraporinha Casa Grande,WEBSERVICE,15.6,5.247,2019-01-13 00:00:00 UTC
1000370,Ribeirão dos Couros - Piraporinha Casa Grande,WEBSERVICE,15.8,9.708,2019-01-14 00:00:00 UTC
1000370,Ribeirão dos Couros - Piraporinha Casa Grande,WEBSERVICE,3.0,6.142,2019-01-15 00:00:00 UTC
1000370,Ribeirão dos Couros - Piraporinha Casa Grande,WEBSERVICE,2.2,1.44,2019-01-16 00:00:00 UTC
1000370,Ribeirão dos Couros - Piraporinha Casa Grande,WEBSERVICE,0.0,0.749,2019-01-17 00:00:00 UTC
1000370,Ribeirão dos Couros - Piraporinha Casa Grande,WEBSERVICE,54.8,16.85,2019-01-18 00:00:00 UTC
1000370,Ribeirão dos Couros - Piraporinha Casa Grande,WEBSERVICE,43.2,22.929,2019-01-19 00:00:00 UTC
1000370,Ribeirão dos Couros - Piraporinha Casa Grande,WEBSERVICE,7.4,17.261,2019-01-20 00:00:00 UTC
1000370,Ribeirão dos Couros - Piraporinha Casa Grande,WEBSERVICE,1.6,2.158,2019-01-21 00:00:00 UTC
1000370,Ribeirão dos Couros - Piraporinha Casa Grande,WEBSERVICE,0.4,0.66,2019-01-22 00:00:00 UTC
1000370,Ribeirão dos Couros - Piraporinha Casa Grande,WEBSERVICE,0.0,0.136,2019-01-23 00:00:00 UTC
1000370,Ribeirão dos Couros - Piraporinha Casa Grande,WEBSERVICE,0.0,0.0,2019-01-24 00:00:00 UTC
1000370,Ribeirão dos Couros - Piraporinha Casa Grande,WEBSERVICE,19.2,4.725,2019-01-25 00:00:00 UTC
1000370,Ribeirão dos Couros - Piraporinha Casa Grande,WEBSERVICE,0.8,6.633,2019-01-26 00:00:00 UTC
1000370,Ribeirão dos Couros - Piraporinha Casa Grande,WEBSERVICE,0.2,0.228,2019-01-27 00:00:00 UTC
1000370,Ribeirão dos Couros - Piraporinha Casa Grande,WEBSERVICE,0.0,0.0,2019-01-28 00:00:00 UTC
1000370,Ribeirão dos Couros - Piraporinha Casa Grande,WEBSERVICE,3.6,1.215,2019-01-29 00:00:00 UTC
1000370,Ribeirão dos Couros - Piraporinha Casa Grande,WEBSERVICE,0.0,1.225,2019-01-30 00:00:00 UTC
1000370,Ribeirão dos Couros - Piraporinha Casa Grande,WEBSERVICE,0.0,0.0,2019-01-31 00:00:00 UTC
1000380,RIBEIRÃO DOS COUROS - VILA ROSA,WEBSERVICE,0.0,0.0,2019-01-01 00:00:00 UTC
1000380,RIBEIRÃO DOS COUROS - VILA ROSA,WEBSERVICE,8.0,1.815,2019-01-02 00:00:00 UTC
1000380,RIBEIRÃO DOS COUROS - VILA ROSA,WEBSERVICE,3.4,3.294,2019-01-03 00:00:00 UTC
1000380,RIBEIRÃO DOS COUROS - VILA ROSA,WEBSERVICE,50.2,15.639,2019-01-04 00:00:00 UTC
1000380,RIBEIRÃO DOS COUROS - VILA ROSA,WEBSERVICE,24.0,23.31,2019-01-05 00:00:00 UTC
1000380,RIBEIRÃO DOS COUROS - VILA ROSA,WEBSERVICE,21.8,8.561,2019-01-06 00:00:00 UTC
1000380,RIBEIRÃO DOS COUROS - VILA ROSA,WEBSERVICE,0.2,6.608,2019-01-07 00:00:00 UTC
1000380,RIBEIRÃO DOS COUROS - VILA ROSA,WEBSERVICE,21.8,6.096,2019-01-08 00:00:00 UTC
1000380,RIBEIRÃO DOS COUROS - VILA ROSA,WEBSERVICE,0.2,7.419,2019-01-09 00:00:00 UTC
1000380,RIBEIRÃO DOS COUROS - VILA ROSA,WEBSERVICE,48.6,5.156,2019-01-10 00:00:00 UTC
1000380,RIBEIRÃO DOS COUROS - VILA ROSA,WEBSERVICE,8.2,18.785,2019-01-11 00:00:00 UTC
1000380,RIBEIRÃO DOS COUROS - VILA ROSA,WEBSERVICE,0.0,0.0,2019-01-12 00:00:00 UTC
1000380,RIBEIRÃO DOS COUROS - VILA ROSA,WEBSERVICE,17.2,5.715,2019-01-13 00:00:00 UTC
1000380,RIBEIRÃO DOS COUROS - VILA ROSA,WEBSERVICE,16.8,10.531,2019-01-14 00:00:00 UTC
1000380,RIBEIRÃO DOS COUROS - VILA ROSA,WEBSERVICE,3.8,6.693,2019-01-15 00:00:00 UTC
1000380,RIBEIRÃO DOS COUROS - VILA ROSA,WEBSERVICE,4.0,2.029,2019-01-16 00:00:00 UTC
1000380,RIBEIRÃO DOS COUROS - VILA ROSA,WEBSERVICE,0.0,1.293,2019-01-17 00:00:00 UTC
1000380,RIBEIRÃO DOS COUROS - VILA ROSA,WEBSERVICE,57.8,17.717,2019-01-18 00:00:00 UTC
1000380,RIBEIRÃO DOS COUROS - VILA ROSA,WEBSERVICE,44.0,23.64,2019-01-19 00:00:00 UTC
1000380,RIBEIRÃO DOS COUROS - VILA ROSA,WEBSERVICE,7.0,17.249,2019-01-20 00:00:00 UTC
1000380,RIBEIRÃO DOS COUROS - VILA ROSA,WEBSERVICE,2.0,1.854,2019-01-21 00:00:00 UTC
1000380,RIBEIRÃO DOS COUROS - VILA ROSA,WEBSERVICE,0.6,0.808,2019-01-22 00:00:00 UTC
1000380,RIBEIRÃO DOS COUROS - VILA ROSA,WEBSERVICE,0.0,0.136,2019-01-23 00:00:00 UTC
1000380,RIBEIRÃO DOS COUROS - VILA ROSA,WEBSERVICE,0.0,0.0,2019-01-24 00:00:00 UTC
1000380,RIBEIRÃO DOS COUROS - VILA ROSA,WEBSERVICE,18.0,4.433,2019-01-25 00:00:00 UTC
1000380,RIBEIRÃO DOS COUROS - VILA ROSA,WEBSERVICE,0.6,6.2,2019-01-26 00:00:00 UTC
1000380,RIBEIRÃO DOS COUROS - VILA ROSA,WEBSERVICE,0.0,0.2,2019-01-27 00:00:00 UTC
1000380,RIBEIRÃO DOS COUROS - VILA ROSA,WEBSERVICE,0.0,0.0,2019-01-28 00:00:00 UTC
1000380,RIBEIRÃO DOS COUROS - VILA ROSA,WEBSERVICE,3.2,1.082,2019-01-29 00:00:00 UTC
1000380,RIBEIRÃO DOS COUROS - VILA ROSA,WEBSERVICE,0.0,1.089,2019-01-30 00:00:00 UTC
1000380,RIBEIRÃO DOS COUROS - VILA ROSA,WEBSERVICE,0.0,0.0,2019-01-31 00:00:00 UTC
1000400,CÓRREGO CHRYSLER,WEBSERVICE,0.2,0.118,2019-01-01 00:00:00 UTC
1000400,CÓRREGO CHRYSLER,WEBSERVICE,30.4,6.786,2019-01-02 00:00:00 UTC
1000400,CÓRREGO CHRYSLER,WEBSERVICE,3.2,10.846,2019-01-03 00:00:00 UTC
1000400,CÓRREGO CHRYSLER,WEBSERVICE,26.4,7.859,2019-01-04 00:00:00 UTC
1000400,CÓRREGO CHRYSLER,WEBSERVICE,20.0,14.406,2019-01-05 00:00:00 UTC
1000400,CÓRREGO CHRYSLER,WEBSERVICE,16.8,6.106,2019-01-06 00:00:00 UTC
1000400,CÓRREGO CHRYSLER,WEBSERVICE,0.2,5.469,2019-01-07 00:00:00 UTC
1000400,CÓRREGO CHRYSLER,WEBSERVICE,6.2,1.651,2019-01-08 00:00:00 UTC
1000400,CÓRREGO CHRYSLER,WEBSERVICE,0.0,2.11,2019-01-09 00:00:00 UTC
1000400,CÓRREGO CHRYSLER,WEBSERVICE,42.4,3.904,2019-01-10 00:00:00 UTC
1000400,CÓRREGO CHRYSLER,WEBSERVICE,12.4,17.949,2019-01-11 00:00:00 UTC
1000400,CÓRREGO CHRYSLER,WEBSERVICE,0.0,0.0,2019-01-12 00:00:00 UTC
1000400,CÓRREGO CHRYSLER,WEBSERVICE,11.0,3.571,2019-01-13 00:00:00 UTC
1000400,CÓRREGO CHRYSLER,WEBSERVICE,0.6,3.896,2019-01-14 00:00:00 UTC
1000400,CÓRREGO CHRYSLER,WEBSERVICE,20.6,5.493,2019-01-15 00:00:00 UTC
1000400,CÓRREGO CHRYSLER,WEBSERVICE,0.0,7.01,2019-01-16 00:00:00 UTC
1000400,CÓRREGO CHRYSLER,WEBSERVICE,0.0,0.0,2019-01-17 00:00:00 UTC
1000400,CÓRREGO CHRYSLER,WEBSERVICE,32.0,9.513,2019-01-18 00:00:00 UTC
1000400,CÓRREGO CHRYSLER,WEBSERVICE,33.8,13.308,2019-01-19 00:00:00 UTC
1000400,CÓRREGO CHRYSLER,WEBSERVICE,12.2,15.544,2019-01-20 00:00:00 UTC
1000400,CÓRREGO CHRYSLER,WEBSERVICE,5.2,4.914,2019-01-21 00:00:00 UTC
1000400,CÓRREGO CHRYSLER,WEBSERVICE,0.0,1.769,2019-01-22 00:00:00 UTC
1000400,CÓRREGO CHRYSLER,WEBSERVICE,0.0,0.0,2019-01-23 00:00:00 UTC
1000400,CÓRREGO CHRYSLER,WEBSERVICE,1.2,0.343,2019-01-24 00:00:00 UTC
1000400,CÓRREGO CHRYSLER,WEBSERVICE,16.0,4.239,2019-01-25 00:00:00 UTC
1000400,CÓRREGO CHRYSLER,WEBSERVICE,0.4,5.499,2019-01-26 00:00:00 UTC
1000400,CÓRREGO CHRYSLER,WEBSERVICE,0.4,0.204,2019-01-27 00:00:00 UTC
1000400,CÓRREGO CHRYSLER,WEBSERVICE,0.0,0.131,2019-01-28 00:00:00 UTC
1000400,CÓRREGO CHRYSLER,WEBSERVICE,0.0,0.0,2019-01-29 00:00:00 UTC
1000400,CÓRREGO CHRYSLER,WEBSERVICE,0.0,0.0,2019-01-30 00:00:00 UTC
1000400,CÓRREGO CHRYSLER,WEBSERVICE,0.0,0.0,2019-01-31 00:00:00 UTC
1000410,Ribeirão dos Couros - Mercedes Paulicéia,WEBSERVICE,0.0,0.0,2019-01-01 00:00:00 UTC
1000410,Ribeirão dos Couros - Mercedes Paulicéia,WEBSERVICE,0.4,0.096,2019-01-02 00:00:00 UTC
1000410,Ribeirão dos Couros - Mercedes Paulicéia,WEBSERVICE,1.6,0.353,2019-01-03 00:00:00 UTC
1000410,Ribeirão dos Couros - Mercedes Paulicéia,WEBSERVICE,25.0,9.251,2019-01-04 00:00:00 UTC
1000410,Ribeirão dos Couros - Mercedes Paulicéia,WEBSERVICE,14.6,12.329,2019-01-05 00:00:00 UTC
1000410,Ribeirão dos Couros - Mercedes Paulicéia,WEBSERVICE,19.6,6.588,2019-01-06 00:00:00 UTC
1000410,Ribeirão dos Couros - Mercedes Paulicéia,WEBSERVICE,0.0,5.513,2019-01-07 00:00:00 UTC
1000410,Ribeirão dos Couros - Mercedes Paulicéia,WEBSERVICE,39.4,11.169,2019-01-08 00:00:00 UTC
1000410,Ribeirão dos Couros - Mercedes Paulicéia,WEBSERVICE,0.0,13.501,2019-01-09 00:00:00 UTC
1000410,Ribeirão dos Couros - Mercedes Paulicéia,WEBSERVICE,16.8,1.632,2019-01-10 00:00:00 UTC
1000410,Ribeirão dos Couros - Mercedes Paulicéia,WEBSERVICE,19.8,11.05,2019-01-11 00:00:00 UTC
1000410,Ribeirão dos Couros - Mercedes Paulicéia,WEBSERVICE,0.0,0.0,2019-01-12 00:00:00 UTC
1000410,Ribeirão dos Couros - Mercedes Paulicéia,WEBSERVICE,4.8,1.603,2019-01-13 00:00:00 UTC
1000410,Ribeirão dos Couros - Mercedes Paulicéia,WEBSERVICE,2.4,2.268,2019-01-14 00:00:00 UTC
1000410,Ribeirão dos Couros - Mercedes Paulicéia,WEBSERVICE,0.2,0.824,2019-01-15 00:00:00 UTC
1000410,Ribeirão dos Couros - Mercedes Paulicéia,WEBSERVICE,7.2,2.244,2019-01-16 00:00:00 UTC
1000410,Ribeirão dos Couros - Mercedes Paulicéia,WEBSERVICE,0.0,2.45,2019-01-17 00:00:00 UTC
1000410,Ribeirão dos Couros - Mercedes Paulicéia,WEBSERVICE,45.6,14.029,2019-01-18 00:00:00 UTC
1000410,Ribeirão dos Couros - Mercedes Paulicéia,WEBSERVICE,33.2,19.753,2019-01-19 00:00:00 UTC
1000410,Ribeirão dos Couros - Mercedes Paulicéia,WEBSERVICE,4.0,12.424,2019-01-20 00:00:00 UTC
1000410,Ribeirão dos Couros - Mercedes Paulicéia,WEBSERVICE,0.8,1.499,2019-01-21 00:00:00 UTC
1000410,Ribeirão dos Couros - Mercedes Paulicéia,WEBSERVICE,4.4,1.619,2019-01-22 00:00:00 UTC
1000410,Ribeirão dos Couros - Mercedes Paulicéia,WEBSERVICE,0.0,1.497,2019-01-23 00:00:00 UTC
1000410,Ribeirão dos Couros - Mercedes Paulicéia,WEBSERVICE,0.0,0.0,2019-01-24 00:00:00 UTC
1000410,Ribeirão dos Couros - Mercedes Paulicéia,WEBSERVICE,21.6,5.407,2019-01-25 00:00:00 UTC
1000410,Ribeirão dos Couros - Mercedes Paulicéia,WEBSERVICE,0.0,7.333,2019-01-26 00:00:00 UTC
1000410,Ribeirão dos Couros - Mercedes Paulicéia,WEBSERVICE,0.0,0.0,2019-01-27 00:00:00 UTC
1000410,Ribeirão dos Couros - Mercedes Paulicéia,WEBSERVICE,0.0,0.0,2019-01-28 00:00:00 UTC
1000410,Ribeirão dos Couros - Mercedes Paulicéia,WEBSERVICE,0.6,0.232,2019-01-29 00:00:00 UTC
1000410,Ribeirão dos Couros - Mercedes Paulicéia,WEBSERVICE,0.0,0.204,2019-01-30 00:00:00 UTC
1000410,Ribeirão dos Couros - Mercedes Paulicéia,WEBSERVICE,0.0,0.0,2019-01-31 00:00:00 UTC
1000430,RIBEIRÃO DOS COUROS - FORD,WEBSERVICE,0.0,0.0,2019-01-01 00:00:00 UTC
1000430,RIBEIRÃO DOS COUROS - FORD,WEBSERVICE,0.0,0.0,2019-01-02 00:00:00 UTC
1000430,RIBEIRÃO DOS COUROS - FORD,WEBSERVICE,2.8,0.386,2019-01-03 00:00:00 UTC
1000430,RIBEIRÃO DOS COUROS - FORD,WEBSERVICE,43.6,16.913,2019-01-04 00:00:00 UTC
1000430,RIBEIRÃO DOS COUROS - FORD,WEBSERVICE,10.4,18.438,2019-01-05 00:00:00 UTC
1000430,RIBEIRÃO DOS COUROS - FORD,WEBSERVICE,0.4,1.919,2019-01-06 00:00:00 UTC
1000430,RIBEIRÃO DOS COUROS - FORD,WEBSERVICE,1.2,0.372,2019-01-07 00:00:00 UTC
1000430,RIBEIRÃO DOS COUROS - FORD,WEBSERVICE,0.4,0.347,2019-01-08 00:00:00 UTC
1000430,RIBEIRÃO DOS COUROS - FORD,WEBSERVICE,0.4,0.194,2019-01-09 00:00:00 UTC
1000430,RIBEIRÃO DOS COUROS - FORD,WEBSERVICE,0.2,0.075,2019-01-10 00:00:00 UTC
1000430,RIBEIRÃO DOS COUROS - FORD,WEBSERVICE,9.8,3.324,2019-01-11 00:00:00 UTC
1000430,RIBEIRÃO DOS COUROS - FORD,WEBSERVICE,0.0,3.335,2019-01-12 00:00:00 UTC
1000430,RIBEIRÃO DOS COUROS - FORD,WEBSERVICE,1.8,0.597,2019-01-13 00:00:00 UTC
1000430,RIBEIRÃO DOS COUROS - FORD,WEBSERVICE,0.4,0.693,2019-01-14 00:00:00 UTC
1000430,RIBEIRÃO DOS COUROS - FORD,WEBSERVICE,0.0,0.136,2019-01-15 00:00:00 UTC
1000430,RIBEIRÃO DOS COUROS - FORD,WEBSERVICE,3.6,1.121,2019-01-16 00:00:00 UTC
1000430,RIBEIRÃO DOS COUROS - FORD,WEBSERVICE,0.0,1.234,2019-01-17 00:00:00 UTC
1000430,RIBEIRÃO DOS COUROS - FORD,WEBSERVICE,37.0,11.403,2019-01-18 00:00:00 UTC
1000430,RIBEIRÃO DOS COUROS - FORD,WEBSERVICE,28.2,16.957,2019-01-19 00:00:00 UTC
1000430,RIBEIRÃO DOS COUROS - FORD,WEBSERVICE,4.8,11.194,2019-01-20 00:00:00 UTC
1000430,RIBEIRÃO DOS COUROS - FORD,WEBSERVICE,0.6,1.69,2019-01-21 00:00:00 UTC
1000430,RIBEIRÃO DOS COUROS - FORD,WEBSERVICE,0.2,0.199,2019-01-22 00:00:00 UTC
1000430,RIBEIRÃO DOS COUROS - FORD,WEBSERVICE,0.0,0.068,2019-01-23 00:00:00 UTC
1000430,RIBEIRÃO DOS COUROS - FORD,WEBSERVICE,0.0,0.0,2019-01-24 00:00:00 UTC
1000430,RIBEIRÃO DOS COUROS - FORD,WEBSERVICE,24.2,6.24,2019-01-25 00:00:00 UTC
1000430,RIBEIRÃO DOS COUROS - FORD,WEBSERVICE,0.6,8.898,2019-01-26 00:00:00 UTC
1000430,RIBEIRÃO DOS COUROS - FORD,WEBSERVICE,0.0,0.133,2019-01-27 00:00:00 UTC
1000430,RIBEIRÃO DOS COUROS - FORD,WEBSERVICE,0.0,0.0,2019-01-28 00:00:00 UTC
1000430,RIBEIRÃO DOS COUROS - FORD,WEBSERVICE,1.2,0.463,2019-01-29 00:00:00 UTC
1000430,RIBEIRÃO DOS COUROS - FORD,WEBSERVICE,0.0,0.408,2019-01-30 00:00:00 UTC
1000430,RIBEIRÃO DOS COUROS - FORD,WEBSERVICE,0.0,0.0,2019-01-31 00:00:00 UTC
1000490,RIO TAMANDUATEÍ - VILA SANTA CECILIA,WEBSERVICE,0.0,0.068,2019-01-01 00:00:00 UTC
1000490,RIO TAMANDUATEÍ - VILA SANTA CECILIA,WEBSERVICE,1.2,0.251,2019-01-02 00:00:00 UTC
1000490,RIO TAMANDUATEÍ - VILA SANTA CECILIA,WEBSERVICE,4.2,0.79,2019-01-03 00:00:00 UTC
1000490,RIO TAMANDUATEÍ - VILA SANTA CECILIA,WEBSERVICE,14.2,4.983,2019-01-04 00:00:00 UTC
1000490,RIO TAMANDUATEÍ - VILA SANTA CECILIA,WEBSERVICE,17.2,7.782,2019-01-05 00:00:00 UTC
1000490,RIO TAMANDUATEÍ - VILA SANTA CECILIA,WEBSERVICE,18.2,5.16,2019-01-06 00:00:00 UTC
1000490,RIO TAMANDUATEÍ - VILA SANTA CECILIA,WEBSERVICE,0.2,6.047,2019-01-07 00:00:00 UTC
1000490,RIO TAMANDUATEÍ - VILA SANTA CECILIA,WEBSERVICE,6.4,1.933,2019-01-08 00:00:00 UTC
1000490,RIO TAMANDUATEÍ - VILA SANTA CECILIA,WEBSERVICE,0.0,2.178,2019-01-09 00:00:00 UTC
1000490,RIO TAMANDUATEÍ - VILA SANTA CECILIA,WEBSERVICE,1.2,0.194,2019-01-10 00:00:00 UTC
1000490,RIO TAMANDUATEÍ - VILA SANTA CECILIA,WEBSERVICE,10.0,4.006,2019-01-11 00:00:00 UTC
1000490,RIO TAMANDUATEÍ - VILA SANTA CECILIA,WEBSERVICE,0.0,1.906,2019-01-12 00:00:00 UTC
1000490,RIO TAMANDUATEÍ - VILA SANTA CECILIA,WEBSERVICE,4.8,1.522,2019-01-13 00:00:00 UTC
1000490,RIO TAMANDUATEÍ - VILA SANTA CECILIA,WEBSERVICE,0.2,1.685,2019-01-14 00:00:00 UTC
1000490,RIO TAMANDUATEÍ - VILA SANTA CECILIA,WEBSERVICE,12.8,3.165,2019-01-15 00:00:00 UTC
1000490,RIO TAMANDUATEÍ - VILA SANTA CECILIA,WEBSERVICE,4.4,5.676,2019-01-16 00:00:00 UTC
1000490,RIO TAMANDUATEÍ - VILA SANTA CECILIA,WEBSERVICE,0.2,1.503,2019-01-17 00:00:00 UTC
1000490,RIO TAMANDUATEÍ - VILA SANTA CECILIA,WEBSERVICE,9.4,3.033,2019-01-18 00:00:00 UTC
1000490,RIO TAMANDUATEÍ - VILA SANTA CECILIA,WEBSERVICE,0.6,3.272,2019-01-19 00:00:00 UTC
1000490,RIO TAMANDUATEÍ - VILA SANTA CECILIA,WEBSERVICE,0.2,0.25,2019-01-20 00:00:00 UTC
1000490,RIO TAMANDUATEÍ - VILA SANTA CECILIA,WEBSERVICE,0.2,0.031,2019-01-21 00:00:00 UTC
1000490,RIO TAMANDUATEÍ - VILA SANTA CECILIA,WEBSERVICE,0.0,0.068,2019-01-22 00:00:00 UTC
1000490,RIO TAMANDUATEÍ - VILA SANTA CECILIA,WEBSERVICE,0.0,0.0,2019-01-23 00:00:00 UTC
1000490,RIO TAMANDUATEÍ - VILA SANTA CECILIA,WEBSERVICE,4.8,1.422,2019-01-24 00:00:00 UTC
1000490,RIO TAMANDUATEÍ - VILA SANTA CECILIA,WEBSERVICE,23.0,7.958,2019-01-25 00:00:00 UTC
1000490,RIO TAMANDUATEÍ - VILA SANTA CECILIA,WEBSERVICE,1.2,7.971,2019-01-26 00:00:00 UTC
1000490,RIO TAMANDUATEÍ - VILA SANTA CECILIA,WEBSERVICE,0.2,0.386,2019-01-27 00:00:00 UTC
1000490,RIO TAMANDUATEÍ - VILA SANTA CECILIA,WEBSERVICE,0.0,0.0,2019-01-28 00:00:00 UTC
1000490,RIO TAMANDUATEÍ - VILA SANTA CECILIA,WEBSERVICE,5.6,1.989,2019-01-29 00:00:00 UTC
1000490,RIO TAMANDUATEÍ - VILA SANTA CECILIA,WEBSERVICE,0.2,1.918,2019-01-30 00:00:00 UTC
1000490,RIO TAMANDUATEÍ - VILA SANTA CECILIA,WEBSERVICE,0.0,0.0,2019-01-31 00:00:00 UTC
1000500,ORATÓRIO,WEBSERVICE,0.0,0.0,2019-01-01 00:00:00 UTC
1000500,ORATÓRIO,WEBSERVICE,0.0,0.0,2019-01-02 00:00:00 UTC
1000500,ORATÓRIO,WEBSERVICE,5.0,0.764,2019-01-03 00:00:00 UTC
1000500,ORATÓRIO,WEBSERVICE,7.0,3.1,2019-01-04 00:00:00 UTC
1000500,ORATÓRIO,WEBSERVICE,18.8,5.131,2019-01-05 00:00:00 UTC
1000500,ORATÓRIO,WEBSERVICE,17.4,5.576,2019-01-06 00:00:00 UTC
1000500,ORATÓRIO,WEBSERVICE,0.0,5.581,2019-01-07 00:00:00 UTC
1000500,ORATÓRIO,WEBSERVICE,18.6,5.579,2019-01-08 00:00:00 UTC
1000500,ORATÓRIO,WEBSERVICE,0.0,6.329,2019-01-09 00:00:00 UTC
1000500,ORATÓRIO,WEBSERVICE,1.0,0.05,2019-01-10 00:00:00 UTC
1000500,ORATÓRIO,WEBSERVICE,14.2,5.417,2019-01-11 00:00:00 UTC
1000500,ORATÓRIO,WEBSERVICE,0.0,4.56,2019-01-12 00:00:00 UTC
1000500,ORATÓRIO,WEBSERVICE,39.6,13.572,2019-01-13 00:00:00 UTC
1000500,ORATÓRIO,WEBSERVICE,0.4,13.319,2019-01-14 00:00:00 UTC
1000500,ORATÓRIO,WEBSERVICE,0.8,0.161,2019-01-15 00:00:00 UTC
1000500,ORATÓRIO,WEBSERVICE,0.6,0.396,2019-01-16 00:00:00 UTC
1000500,ORATÓRIO,WEBSERVICE,0.0,0.204,2019-01-17 00:00:00 UTC
1000500,ORATÓRIO,WEBSERVICE,4.4,1.436,2019-01-18 00:00:00 UTC
1000500,ORATÓRIO,WEBSERVICE,3.0,1.967,2019-01-19 00:00:00 UTC
1000500,ORATÓRIO,WEBSERVICE,0.8,1.194,2019-01-20 00:00:00 UTC
1000500,ORATÓRIO,WEBSERVICE,0.2,0.336,2019-01-21 00:00:00 UTC
1000500,ORATÓRIO,WEBSERVICE,0.0,0.0,2019-01-22 00:00:00 UTC
1000500,ORATÓRIO,WEBSERVICE,0.0,0.0,2019-01-23 00:00:00 UTC
1000500,ORATÓRIO,WEBSERVICE,1.8,0.525,2019-01-24 00:00:00 UTC
1000500,ORATÓRIO,WEBSERVICE,27.6,8.083,2019-01-25 00:00:00 UTC
1000500,ORATÓRIO,WEBSERVICE,1.6,9.754,2019-01-26 00:00:00 UTC
1000500,ORATÓRIO,WEBSERVICE,0.0,0.467,2019-01-27 00:00:00 UTC
1000500,ORATÓRIO,WEBSERVICE,0.0,0.0,2019-01-28 00:00:00 UTC
1000500,ORATÓRIO,WEBSERVICE,5.0,1.753,2019-01-29 00:00:00 UTC
1000500,ORATÓRIO,WEBSERVICE,0.0,1.701,2019-01-30 00:00:00 UTC
1000500,ORATÓRIO,WEBSERVICE,0.0,0.0,2019-01-31 00:00:00 UTC
1000510,RIO CORUMBÉ - JD. ZAÍRA,WEBSERVICE,0.0,0.0,2019-01-01 00:00:00 UTC
1000510,RIO CORUMBÉ - JD. ZAÍRA,WEBSERVICE,0.25,0.052,2019-01-02 00:00:00 UTC
1000510,RIO CORUMBÉ - JD. ZAÍRA,WEBSERVICE,8.75,1.344,2019-01-03 00:00:00 UTC
1000510,RIO CORUMBÉ - JD. ZAÍRA,WEBSERVICE,9.25,5.243,2019-01-04 00:00:00 UTC
1000510,RIO CORUMBÉ - JD. ZAÍRA,WEBSERVICE,17.5,5.896,2019-01-05 00:00:00 UTC
1000510,RIO CORUMBÉ - JD. ZAÍRA,WEBSERVICE,21.5,6.236,2019-01-06 00:00:00 UTC
1000510,RIO CORUMBÉ - JD. ZAÍRA,WEBSERVICE,0.0,7.061,2019-01-07 00:00:00 UTC
1000510,RIO CORUMBÉ - JD. ZAÍRA,WEBSERVICE,12.5,3.792,2019-01-08 00:00:00 UTC
1000510,RIO CORUMBÉ - JD. ZAÍRA,WEBSERVICE,0.0,4.253,2019-01-09 00:00:00 UTC
1000510,RIO CORUMBÉ - JD. ZAÍRA,WEBSERVICE,2.0,0.017,2019-01-10 00:00:00 UTC
1000510,RIO CORUMBÉ - JD. ZAÍRA,WEBSERVICE,5.75,2.253,2019-01-11 00:00:00 UTC
1000510,RIO CORUMBÉ - JD. ZAÍRA,WEBSERVICE,0.0,0.0,2019-01-12 00:00:00 UTC
1000510,RIO CORUMBÉ - JD. ZAÍRA,WEBSERVICE,17.75,5.646,2019-01-13 00:00:00 UTC
1000510,RIO CORUMBÉ - JD. ZAÍRA,WEBSERVICE,1.75,6.462,2019-01-14 00:00:00 UTC
1000510,RIO CORUMBÉ - JD. ZAÍRA,WEBSERVICE,5.0,1.804,2019-01-15 00:00:00 UTC
1000510,RIO CORUMBÉ - JD. ZAÍRA,WEBSERVICE,20.5,7.851,2019-01-16 00:00:00 UTC
1000510,RIO CORUMBÉ - JD. ZAÍRA,WEBSERVICE,0.25,7.057,2019-01-17 00:00:00 UTC
1000510,RIO CORUMBÉ - JD. ZAÍRA,WEBSERVICE,13.25,4.474,2019-01-18 00:00:00 UTC
1000510,RIO CORUMBÉ - JD. ZAÍRA,WEBSERVICE,0.25,4.536,2019-01-19 00:00:00 UTC
1000510,RIO CORUMBÉ - JD. ZAÍRA,WEBSERVICE,0.5,0.234,2019-01-20 00:00:00 UTC
1000510,RIO CORUMBÉ - JD. ZAÍRA,WEBSERVICE,0.25,0.207,2019-01-21 00:00:00 UTC
1000510,RIO CORUMBÉ - JD. ZAÍRA,WEBSERVICE,0.0,0.085,2019-01-22 00:00:00 UTC
1000510,RIO CORUMBÉ - JD. ZAÍRA,WEBSERVICE,0.0,0.0,2019-01-23 00:00:00 UTC
1000510,RIO CORUMBÉ - JD. ZAÍRA,WEBSERVICE,1.0,0.285,2019-01-24 00:00:00 UTC
1000510,RIO CORUMBÉ - JD. ZAÍRA,WEBSERVICE,31.25,8.991,2019-01-25 00:00:00 UTC
1000510,RIO CORUMBÉ - JD. ZAÍRA,WEBSERVICE,1.5,10.877,2019-01-26 00:00:00 UTC
1000510,RIO CORUMBÉ - JD. ZAÍRA,WEBSERVICE,0.5,0.585,2019-01-27 00:00:00 UTC
1000510,RIO CORUMBÉ - JD. ZAÍRA,WEBSERVICE,0.0,0.082,2019-01-28 00:00:00 UTC
1000510,RIO CORUMBÉ - JD. ZAÍRA,WEBSERVICE,0.0,0.0,2019-01-29 00:00:00 UTC
1000510,RIO CORUMBÉ - JD. ZAÍRA,WEBSERVICE,0.0,0.0,2019-01-30 00:00:00 UTC
1000510,RIO CORUMBÉ - JD. ZAÍRA,WEBSERVICE,0.0,0.0,2019-01-31 00:00:00 UTC
1000550,Ribeirão dos Couros - Mercedes Bens,WEBSERVICE,0.0,0.0,2019-01-03 00:00:00 UTC
1000550,Ribeirão dos Couros - Mercedes Bens,WEBSERVICE,0.0,0.0,2019-01-04 00:00:00 UTC
1000550,Ribeirão dos Couros - Mercedes Bens,WEBSERVICE,0.0,0.0,2019-01-05 00:00:00 UTC
1000550,Ribeirão dos Couros - Mercedes Bens,WEBSERVICE,0.0,0.0,2019-01-06 00:00:00 UTC
1000550,Ribeirão dos Couros - Mercedes Bens,WEBSERVICE,0.0,0.0,2019-01-07 00:00:00 UTC
1000550,Ribeirão dos Couros - Mercedes Bens,WEBSERVICE,0.0,0.0,2019-01-08 00:00:00 UTC
1000550,Ribeirão dos Couros - Mercedes Bens,WEBSERVICE,0.0,0.0,2019-01-09 00:00:00 UTC
1000550,Ribeirão dos Couros - Mercedes Bens,WEBSERVICE,30.8,2.996,2019-01-10 00:00:00 UTC
1000550,Ribeirão dos Couros - Mercedes Bens,WEBSERVICE,10.8,13.435,2019-01-11 00:00:00 UTC
1000550,Ribeirão dos Couros - Mercedes Bens,WEBSERVICE,0.0,0.0,2019-01-12 00:00:00 UTC
1000550,Ribeirão dos Couros - Mercedes Bens,WEBSERVICE,8.6,2.832,2019-01-13 00:00:00 UTC
1000550,Ribeirão dos Couros - Mercedes Bens,WEBSERVICE,12.2,6.319,2019-01-14 00:00:00 UTC
1000550,Ribeirão dos Couros - Mercedes Bens,WEBSERVICE,0.6,4.3,2019-01-15 00:00:00 UTC
1000550,Ribeirão dos Couros - Mercedes Bens,WEBSERVICE,0.2,0.242,2019-01-16 00:00:00 UTC
1000550,Ribeirão dos Couros - Mercedes Bens,WEBSERVICE,0.0,0.068,2019-01-17 00:00:00 UTC
1000550,Ribeirão dos Couros - Mercedes Bens,WEBSERVICE,67.0,20.69,2019-01-18 00:00:00 UTC
1000550,Ribeirão dos Couros - Mercedes Bens,WEBSERVICE,45.0,27.382,2019-01-19 00:00:00 UTC
1000550,Ribeirão dos Couros - Mercedes Bens,WEBSERVICE,5.6,17.21,2019-01-20 00:00:00 UTC
1000550,Ribeirão dos Couros - Mercedes Bens,WEBSERVICE,1.6,2.114,2019-01-21 00:00:00 UTC
1000550,Ribeirão dos Couros - Mercedes Bens,WEBSERVICE,1.8,1.083,2019-01-22 00:00:00 UTC
1000550,Ribeirão dos Couros - Mercedes Bens,WEBSERVICE,0.0,0.613,2019-01-23 00:00:00 UTC
1000550,Ribeirão dos Couros - Mercedes Bens,WEBSERVICE,0.0,0.0,2019-01-24 00:00:00 UTC
1000550,Ribeirão dos Couros - Mercedes Bens,WEBSERVICE,15.4,3.949,2019-01-25 00:00:00 UTC
1000550,Ribeirão dos Couros - Mercedes Bens,WEBSERVICE,0.0,9.48,2019-01-26 00:00:00 UTC
1000550,Ribeirão dos Couros - Mercedes Bens,WEBSERVICE,2.8,2.042,2019-01-29 00:00:00 UTC
1000550,Ribeirão dos Couros - Mercedes Bens,WEBSERVICE,0.0,0.953,2019-01-30 00:00:00 UTC
1000550,Ribeirão dos Couros - Mercedes Bens,WEBSERVICE,0.0,0.0,2019-01-31 00:00:00 UTC
1000817,Ribeirão Vermelho - Anhanguera,WEBSERVICE,0.0,0.0,2019-01-01 00:00:00 UTC
1000817,Ribeirão Vermelho - Anhanguera,WEBSERVICE,0.0,0.0,2019-01-02 00:00:00 UTC
1000817,Ribeirão Vermelho - Anhanguera,WEBSERVICE,0.2,0.049,2019-01-03 00:00:00 UTC
1000817,Ribeirão Vermelho - Anhanguera,WEBSERVICE,4.6,1.347,2019-01-04 00:00:00 UTC
1000817,Ribeirão Vermelho - Anhanguera,WEBSERVICE,5.2,3.796,2019-01-05 00:00:00 UTC
1000817,Ribeirão Vermelho - Anhanguera,WEBSERVICE,0.0,1.293,2019-01-06 00:00:00 UTC
1000817,Ribeirão Vermelho - Anhanguera,WEBSERVICE,0.0,0.0,2019-01-07 00:00:00 UTC
1000817,Ribeirão Vermelho - Anhanguera,WEBSERVICE,0.0,0.0,2019-01-08 00:00:00 UTC
1000817,Ribeirão Vermelho - Anhanguera,WEBSERVICE,0.0,0.0,2019-01-09 00:00:00 UTC
1000817,Ribeirão Vermelho - Anhanguera,WEBSERVICE,0.0,0.0,2019-01-10 00:00:00 UTC
1000817,Ribeirão Vermelho - Anhanguera,WEBSERVICE,0.4,0.124,2019-01-11 00:00:00 UTC
1000817,Ribeirão Vermelho - Anhanguera,WEBSERVICE,0.0,0.136,2019-01-12 00:00:00 UTC
1000817,Ribeirão Vermelho - Anhanguera,WEBSERVICE,0.0,0.0,2019-01-13 00:00:00 UTC
1000817,Ribeirão Vermelho - Anhanguera,WEBSERVICE,0.0,0.0,2019-01-14 00:00:00 UTC
1000817,Ribeirão Vermelho - Anhanguera,WEBSERVICE,0.0,0.0,2019-01-15 00:00:00 UTC
1000817,Ribeirão Vermelho - Anhanguera,WEBSERVICE,22.4,4.361,2019-01-16 00:00:00 UTC
1000817,Ribeirão Vermelho - Anhanguera,WEBSERVICE,11.0,9.907,2019-01-17 00:00:00 UTC
1000817,Ribeirão Vermelho - Anhanguera,WEBSERVICE,0.2,3.801,2019-01-18 00:00:00 UTC
1000817,Ribeirão Vermelho - Anhanguera,WEBSERVICE,0.0,0.0,2019-01-19 00:00:00 UTC
1000817,Ribeirão Vermelho - Anhanguera,WEBSERVICE,14.8,3.903,2019-01-20 00:00:00 UTC
1000817,Ribeirão Vermelho - Anhanguera,WEBSERVICE,0.0,0.408,2019-01-21 00:00:00 UTC
1000817,Ribeirão Vermelho - Anhanguera,WEBSERVICE,20.8,7.063,2019-01-22 00:00:00 UTC
1000817,Ribeirão Vermelho - Anhanguera,WEBSERVICE,4.4,8.239,2019-01-23 00:00:00 UTC
1000817,Ribeirão Vermelho - Anhanguera,WEBSERVICE,29.4,11.613,2019-01-24 00:00:00 UTC
1000817,Ribeirão Vermelho - Anhanguera,WEBSERVICE,31.0,18.06,2019-01-25 00:00:00 UTC
1000817,Ribeirão Vermelho - Anhanguera,WEBSERVICE,5.6,11.226,2019-01-26 00:00:00 UTC
1000817,Ribeirão Vermelho - Anhanguera,WEBSERVICE,0.2,1.91,2019-01-27 00:00:00 UTC
1000817,Ribeirão Vermelho - Anhanguera,WEBSERVICE,0.0,0.0,2019-01-28 00:00:00 UTC
1000817,Ribeirão Vermelho - Anhanguera,WEBSERVICE,0.8,0.256,2019-01-29 00:00:00 UTC
1000817,Ribeirão Vermelho - Anhanguera,WEBSERVICE,4.4,1.379,2019-01-30 00:00:00 UTC
1000817,Ribeirão Vermelho - Anhanguera,WEBSERVICE,0.2,1.614,2019-01-31 00:00:00 UTC
1000868,Vila Mariana - R. Vergueiro,WEBSERVICE,26.6,5.239,2019-01-01 00:00:00 UTC
1000868,Vila Mariana - R. Vergueiro,WEBSERVICE,0.0,9.051,2019-01-02 00:00:00 UTC
1000868,Vila Mariana - R. Vergueiro,WEBSERVICE,3.0,0.332,2019-01-03 00:00:00 UTC
1000868,Vila Mariana - R. Vergueiro,WEBSERVICE,20.6,8.61,2019-01-04 00:00:00 UTC
1000868,Vila Mariana - R. Vergueiro,WEBSERVICE,10.0,10.919,2019-01-05 00:00:00 UTC
1000868,Vila Mariana - R. Vergueiro,WEBSERVICE,20.0,6.175,2019-01-06 00:00:00 UTC
1000868,Vila Mariana - R. Vergueiro,WEBSERVICE,0.2,4.149,2019-01-07 00:00:00 UTC
1000868,Vila Mariana - R. Vergueiro,WEBSERVICE,53.2,16.347,2019-01-08 00:00:00 UTC
1000868,Vila Mariana - R. Vergueiro,WEBSERVICE,0.0,18.103,2019-01-09 00:00:00 UTC
1000868,Vila Mariana - R. Vergueiro,WEBSERVICE,9.8,0.575,2019-01-10 00:00:00 UTC
1000868,Vila Mariana - R. Vergueiro,WEBSERVICE,4.6,4.942,2019-01-11 00:00:00 UTC
1000868,Vila Mariana - R. Vergueiro,WEBSERVICE,0.0,1.565,2019-01-12 00:00:00 UTC
1000868,Vila Mariana - R. Vergueiro,WEBSERVICE,0.0,0.0,2019-01-13 00:00:00 UTC
1000868,Vila Mariana - R. Vergueiro,WEBSERVICE,17.4,4.863,2019-01-14 00:00:00 UTC
1000868,Vila Mariana - R. Vergueiro,WEBSERVICE,0.6,5.938,2019-01-15 00:00:00 UTC
1000868,Vila Mariana - R. Vergueiro,WEBSERVICE,0.0,0.204,2019-01-16 00:00:00 UTC
1000868,Vila Mariana - R. Vergueiro,WEBSERVICE,4.4,0.994,2019-01-17 00:00:00 UTC
1000868,Vila Mariana - R. Vergueiro,WEBSERVICE,0.0,1.497,2019-01-18 00:00:00 UTC
1000868,Vila Mariana - R. Vergueiro,WEBSERVICE,29.0,4.7,2019-01-19 00:00:00 UTC
1000868,Vila Mariana - R. Vergueiro,WEBSERVICE,1.6,10.278,2019-01-20 00:00:00 UTC
1000868,Vila Mariana - R. Vergueiro,WEBSERVICE,0.0,0.272,2019-01-21 00:00:00 UTC
1000868,Vila Mariana - R. Vergueiro,WEBSERVICE,6.2,2.079,2019-01-22 00:00:00 UTC
1000868,Vila Mariana - R. Vergueiro,WEBSERVICE,0.0,2.11,2019-01-23 00:00:00 UTC
1000868,Vila Mariana - R. Vergueiro,WEBSERVICE,3.6,1.168,2019-01-24 00:00:00 UTC
1000868,Vila Mariana - R. Vergueiro,WEBSERVICE,24.6,9.906,2019-01-25 00:00:00 UTC
1000868,Vila Mariana - R. Vergueiro,WEBSERVICE,3.2,11.363,2019-01-26 00:00:00 UTC
1000868,Vila Mariana - R. Vergueiro,WEBSERVICE,0.0,1.371,2019-01-27 00:00:00 UTC
1000868,Vila Mariana - R. Vergueiro,WEBSERVICE,0.0,0.0,2019-01-28 00:00:00 UTC
1000868,Vila Mariana - R. Vergueiro,WEBSERVICE,6.6,2.404,2019-01-29 00:00:00 UTC
1000868,Vila Mariana - R. Vergueiro,WEBSERVICE,0.4,2.368,2019-01-30 00:00:00 UTC
1000868,Vila Mariana - R. Vergueiro,WEBSERVICE,0.0,0.136,2019-01-31 00:00:00 UTC
1000938,Jabaquara - Pç. Serafina Gioncoli Vicenti,WEBSERVICE,0.0,0.0,2019-01-01 00:00:00 UTC
1000938,Jabaquara - Pç. Serafina Gioncoli Vicenti,WEBSERVICE,0.0,0.0,2019-01-02 00:00:00 UTC
1000938,Jabaquara - Pç. Serafina Gioncoli Vicenti,WEBSERVICE,6.75,1.158,2019-01-03 00:00:00 UTC
1000938,Jabaquara - Pç. Serafina Gioncoli Vicenti,WEBSERVICE,53.75,18.392,2019-01-04 00:00:00 UTC
1000938,Jabaquara - Pç. Serafina Gioncoli Vicenti,WEBSERVICE,19.25,24.632,2019-01-05 00:00:00 UTC
1000938,Jabaquara - Pç. Serafina Gioncoli Vicenti,WEBSERVICE,11.0,5.714,2019-01-06 00:00:00 UTC
1000938,Jabaquara - Pç. Serafina Gioncoli Vicenti,WEBSERVICE,0.25,2.418,2019-01-07 00:00:00 UTC
1000938,Jabaquara - Pç. Serafina Gioncoli Vicenti,WEBSERVICE,1.75,0.578,2019-01-08 00:00:00 UTC
1000938,Jabaquara - Pç. Serafina Gioncoli Vicenti,WEBSERVICE,0.0,0.595,2019-01-09 00:00:00 UTC
1000938,Jabaquara - Pç. Serafina Gioncoli Vicenti,WEBSERVICE,52.75,3.146,2019-01-10 00:00:00 UTC
1000938,Jabaquara - Pç. Serafina Gioncoli Vicenti,WEBSERVICE,0.5,18.097,2019-01-11 00:00:00 UTC
1000938,Jabaquara - Pç. Serafina Gioncoli Vicenti,WEBSERVICE,0.0,0.0,2019-01-12 00:00:00 UTC
1000938,Jabaquara - Pç. Serafina Gioncoli Vicenti,WEBSERVICE,13.5,4.556,2019-01-13 00:00:00 UTC
1000938,Jabaquara - Pç. Serafina Gioncoli Vicenti,WEBSERVICE,13.75,8.439,2019-01-14 00:00:00 UTC
1000938,Jabaquara - Pç. Serafina Gioncoli Vicenti,WEBSERVICE,0.0,4.679,2019-01-15 00:00:00 UTC
1000938,Jabaquara - Pç. Serafina Gioncoli Vicenti,WEBSERVICE,0.0,0.0,2019-01-16 00:00:00 UTC
1000938,Jabaquara - Pç. Serafina Gioncoli Vicenti,WEBSERVICE,0.0,0.0,2019-01-17 00:00:00 UTC
1000938,Jabaquara - Pç. Serafina Gioncoli Vicenti,WEBSERVICE,7.25,1.988,2019-01-18 00:00:00 UTC
1000938,Jabaquara - Pç. Serafina Gioncoli Vicenti,WEBSERVICE,8.25,3.76,2019-01-19 00:00:00 UTC
1000938,Jabaquara - Pç. Serafina Gioncoli Vicenti,WEBSERVICE,5.0,4.273,2019-01-20 00:00:00 UTC
1000938,Jabaquara - Pç. Serafina Gioncoli Vicenti,WEBSERVICE,1.25,1.571,2019-01-21 00:00:00 UTC
1000938,Jabaquara - Pç. Serafina Gioncoli Vicenti,WEBSERVICE,0.0,0.425,2019-01-22 00:00:00 UTC
1000938,Jabaquara - Pç. Serafina Gioncoli Vicenti,WEBSERVICE,0.0,0.0,2019-01-23 00:00:00 UTC
1000938,Jabaquara - Pç. Serafina Gioncoli Vicenti,WEBSERVICE,0.0,0.0,2019-01-24 00:00:00 UTC
1000938,Jabaquara - Pç. Serafina Gioncoli Vicenti,WEBSERVICE,16.5,4.083,2019-01-25 00:00:00 UTC
1000938,Jabaquara - Pç. Serafina Gioncoli Vicenti,WEBSERVICE,23.75,10.918,2019-01-26 00:00:00 UTC
1000938,Jabaquara - Pç. Serafina Gioncoli Vicenti,WEBSERVICE,0.0,7.917,2019-01-27 00:00:00 UTC
1000938,Jabaquara - Pç. Serafina Gioncoli Vicenti,WEBSERVICE,0.0,0.0,2019-01-28 00:00:00 UTC
1000938,Jabaquara - Pç. Serafina Gioncoli Vicenti,WEBSERVICE,0.25,0.094,2019-01-29 00:00:00 UTC
1000938,Jabaquara - Pç. Serafina Gioncoli Vicenti,WEBSERVICE,0.0,0.085,2019-01-30 00:00:00 UTC
1000938,Jabaquara - Pç. Serafina Gioncoli Vicenti,WEBSERVICE,0.0,0.0,2019-01-31 00:00:00 UTC
1000958,Rio Tamanduateí - Montante AT -09 Guamiranga,WEBSERVICE,4.6,0.936,2019-01-01 00:00:00 UTC
1000958,Rio Tamanduateí - Montante AT -09 Guamiranga,WEBSERVICE,0.0,1.565,2019-01-02 00:00:00 UTC
1000958,Rio Tamanduateí - Montante AT -09 Guamiranga,WEBSERVICE,2.4,0.228,2019-01-03 00:00:00 UTC
1000958,Rio Tamanduateí - Montante AT -09 Guamiranga,WEBSERVICE,29.2,9.6,2019-01-04 00:00:00 UTC
1000958,Rio Tamanduateí - Montante AT -09 Guamiranga,WEBSERVICE,8.8,12.949,2019-01-05 00:00:00 UTC
1000958,Rio Tamanduateí - Montante AT -09 Guamiranga,WEBSERVICE,22.2,5.788,2019-01-06 00:00:00 UTC
1000958,Rio Tamanduateí - Montante AT -09 Guamiranga,WEBSERVICE,0.0,6.057,2019-01-07 00:00:00 UTC
1000958,Rio Tamanduateí - Montante AT -09 Guamiranga,WEBSERVICE,58.8,18.383,2019-01-08 00:00:00 UTC
1000958,Rio Tamanduateí - Montante AT -09 Guamiranga,WEBSERVICE,0.0,20.008,2019-01-09 00:00:00 UTC
1000958,Rio Tamanduateí - Montante AT -09 Guamiranga,WEBSERVICE,1.6,0.253,2019-01-10 00:00:00 UTC
1000958,Rio Tamanduateí - Montante AT -09 Guamiranga,WEBSERVICE,11.6,4.522,2019-01-11 00:00:00 UTC
1000958,Rio Tamanduateí - Montante AT -09 Guamiranga,WEBSERVICE,0.0,2.654,2019-01-12 00:00:00 UTC
1000958,Rio Tamanduateí - Montante AT -09 Guamiranga,WEBSERVICE,0.0,0.0,2019-01-13 00:00:00 UTC
1000958,Rio Tamanduateí - Montante AT -09 Guamiranga,WEBSERVICE,0.2,0.053,2019-01-14 00:00:00 UTC
1000958,Rio Tamanduateí - Montante AT -09 Guamiranga,WEBSERVICE,1.8,0.126,2019-01-15 00:00:00 UTC
1000958,Rio Tamanduateí - Montante AT -09 Guamiranga,WEBSERVICE,0.0,0.613,2019-01-16 00:00:00 UTC
1000958,Rio Tamanduateí - Montante AT -09 Guamiranga,WEBSERVICE,1.6,0.303,2019-01-17 00:00:00 UTC
1000958,Rio Tamanduateí - Montante AT -09 Guamiranga,WEBSERVICE,0.0,0.544,2019-01-18 00:00:00 UTC
1000958,Rio Tamanduateí - Montante AT -09 Guamiranga,WEBSERVICE,15.6,2.439,2019-01-19 00:00:00 UTC
1000958,Rio Tamanduateí - Montante AT -09 Guamiranga,WEBSERVICE,0.4,5.428,2019-01-20 00:00:00 UTC
1000958,Rio Tamanduateí - Montante AT -09 Guamiranga,WEBSERVICE,0.0,0.068,2019-01-21 00:00:00 UTC
1000958,Rio Tamanduateí - Montante AT -09 Guamiranga,WEBSERVICE,0.0,0.0,2019-01-22 00:00:00 UTC
1000958,Rio Tamanduateí - Montante AT -09 Guamiranga,WEBSERVICE,0.0,0.0,2019-01-23 00:00:00 UTC
1000958,Rio Tamanduateí - Montante AT -09 Guamiranga,WEBSERVICE,4.2,1.365,2019-01-24 00:00:00 UTC
1000958,Rio Tamanduateí - Montante AT -09 Guamiranga,WEBSERVICE,22.8,9.349,2019-01-25 00:00:00 UTC
1000958,Rio Tamanduateí - Montante AT -09 Guamiranga,WEBSERVICE,2.0,9.986,2019-01-26 00:00:00 UTC
1000958,Rio Tamanduateí - Montante AT -09 Guamiranga,WEBSERVICE,0.0,0.667,2019-01-27 00:00:00 UTC
1000958,Rio Tamanduateí - Montante AT -09 Guamiranga,WEBSERVICE,0.0,0.0,2019-01-28 00:00:00 UTC
1000958,Rio Tamanduateí - Montante AT -09 Guamiranga,WEBSERVICE,0.2,0.074,2019-01-29 00:00:00 UTC
1000958,Rio Tamanduateí - Montante AT -09 Guamiranga,WEBSERVICE,0.0,0.068,2019-01-30 00:00:00 UTC
1000958,Rio Tamanduateí - Montante AT -09 Guamiranga,WEBSERVICE,0.0,0.0,2019-01-31 00:00:00 UTC
143,Rio Tamanduateí - Prosperidade,WEBSERVICE,0.2,0.036,2019-01-01 00:00:00 UTC
143,Rio Tamanduateí - Prosperidade,WEBSERVICE,0.0,0.068,2019-01-02 00:00:00 UTC
143,Rio Tamanduateí - Prosperidade,WEBSERVICE,1.4,0.119,2019-01-03 00:00:00 UTC
143,Rio Tamanduateí - Prosperidade,WEBSERVICE,29.0,8.753,2019-01-04 00:00:00 UTC
143,Rio Tamanduateí - Prosperidade,WEBSERVICE,12.6,12.66,2019-01-05 00:00:00 UTC
143,Rio Tamanduateí - Prosperidade,WEBSERVICE,20.0,5.433,2019-01-06 00:00:00 UTC
143,Rio Tamanduateí - Prosperidade,WEBSERVICE,0.0,5.853,2019-01-07 00:00:00 UTC
143,Rio Tamanduateí - Prosperidade,WEBSERVICE,22.8,6.783,2019-01-08 00:00:00 UTC
143,Rio Tamanduateí - Prosperidade,WEBSERVICE,0.0,7.758,2019-01-09 00:00:00 UTC
143,Rio Tamanduateí - Prosperidade,WEBSERVICE,16.4,3.313,2019-01-10 00:00:00 UTC
143,Rio Tamanduateí - Prosperidade,WEBSERVICE,9.6,8.443,2019-01-11 00:00:00 UTC
143,Rio Tamanduateí - Prosperidade,WEBSERVICE,0.0,1.429,2019-01-12 00:00:00 UTC
143,Rio Tamanduateí - Prosperidade,WEBSERVICE,0.0,0.0,2019-01-13 00:00:00 UTC
143,Rio Tamanduateí - Prosperidade,WEBSERVICE,9.8,2.932,2019-01-14 00:00:00 UTC
143,Rio Tamanduateí - Prosperidade,WEBSERVICE,0.2,3.382,2019-01-15 00:00:00 UTC
143,Rio Tamanduateí - Prosperidade,WEBSERVICE,0.4,0.138,2019-01-16 00:00:00 UTC
143,Rio Tamanduateí - Prosperidade,WEBSERVICE,0.0,0.136,2019-01-17 00:00:00 UTC
143,Rio Tamanduateí - Prosperidade,WEBSERVICE,0.4,0.131,2019-01-18 00:00:00 UTC
143,Rio Tamanduateí - Prosperidade,WEBSERVICE,9.4,1.488,2019-01-19 00:00:00 UTC
143,Rio Tamanduateí - Prosperidade,WEBSERVICE,0.8,3.404,2019-01-20 00:00:00 UTC
143,Rio Tamanduateí - Prosperidade,WEBSERVICE,0.4,0.147,2019-01-21 00:00:00 UTC
143,Rio Tamanduateí - Prosperidade,WEBSERVICE,0.2,0.089,2019-01-22 00:00:00 UTC
143,Rio Tamanduateí - Prosperidade,WEBSERVICE,0.0,0.068,2019-01-23 00:00:00 UTC
143,Rio Tamanduateí - Prosperidade,WEBSERVICE,0.0,0.0,2019-01-24 00:00:00 UTC
143,Rio Tamanduateí - Prosperidade,WEBSERVICE,24.4,7.376,2019-01-25 00:00:00 UTC
143,Rio Tamanduateí - Prosperidade,WEBSERVICE,1.4,9.553,2019-01-26 00:00:00 UTC
143,Rio Tamanduateí - Prosperidade,WEBSERVICE,0.0,0.467,2019-01-27 00:00:00 UTC
143,Rio Tamanduateí - Prosperidade,WEBSERVICE,0.0,0.0,2019-01-28 00:00:00 UTC
143,Rio Tamanduateí - Prosperidade,WEBSERVICE,0.4,0.143,2019-01-29 00:00:00 UTC
143,Rio Tamanduateí - Prosperidade,WEBSERVICE,0.0,0.136,2019-01-30 00:00:00 UTC
143,Rio Tamanduateí - Prosperidade,WEBSERVICE,0.0,0.0,2019-01-31 00:00:00 UTC
157,RIO ARICANDUVA - FOZ,WEBSERVICE,3.6,1.182,2019-01-01 00:00:00 UTC
157,RIO ARICANDUVA - FOZ,WEBSERVICE,0.0,1.225,2019-01-02 00:00:00 UTC
157,RIO ARICANDUVA - FOZ,WEBSERVICE,15.0,2.204,2019-01-03 00:00:00 UTC
157,RIO ARICANDUVA - FOZ,WEBSERVICE,35.8,15.889,2019-01-04 00:00:00 UTC
157,RIO ARICANDUVA - FOZ,WEBSERVICE,9.2,14.822,2019-01-05 00:00:00 UTC
157,RIO ARICANDUVA - FOZ,WEBSERVICE,14.0,4.946,2019-01-06 00:00:00 UTC
157,RIO ARICANDUVA - FOZ,WEBSERVICE,0.2,2.965,2019-01-07 00:00:00 UTC
157,RIO ARICANDUVA - FOZ,WEBSERVICE,5.2,1.724,2019-01-08 00:00:00 UTC
157,RIO ARICANDUVA - FOZ,WEBSERVICE,0.0,1.769,2019-01-09 00:00:00 UTC
157,RIO ARICANDUVA - FOZ,WEBSERVICE,0.0,0.0,2019-01-10 00:00:00 UTC
157,RIO ARICANDUVA - FOZ,WEBSERVICE,10.2,3.393,2019-01-11 00:00:00 UTC
157,RIO ARICANDUVA - FOZ,WEBSERVICE,0.0,3.471,2019-01-12 00:00:00 UTC
157,RIO ARICANDUVA - FOZ,WEBSERVICE,3.0,0.874,2019-01-13 00:00:00 UTC
157,RIO ARICANDUVA - FOZ,WEBSERVICE,19.6,4.608,2019-01-14 00:00:00 UTC
157,RIO ARICANDUVA - FOZ,WEBSERVICE,4.2,8.239,2019-01-15 00:00:00 UTC
157,RIO ARICANDUVA - FOZ,WEBSERVICE,1.2,1.263,2019-01-16 00:00:00 UTC
157,RIO ARICANDUVA - FOZ,WEBSERVICE,2.8,0.617,2019-01-17 00:00:00 UTC
157,RIO ARICANDUVA - FOZ,WEBSERVICE,19.6,9.082,2019-01-18 00:00:00 UTC
157,RIO ARICANDUVA - FOZ,WEBSERVICE,1.2,5.976,2019-01-19 00:00:00 UTC
157,RIO ARICANDUVA - FOZ,WEBSERVICE,2.2,0.74,2019-01-20 00:00:00 UTC
157,RIO ARICANDUVA - FOZ,WEBSERVICE,2.0,1.21,2019-01-21 00:00:00 UTC
157,RIO ARICANDUVA - FOZ,WEBSERVICE,0.6,0.686,2019-01-22 00:00:00 UTC
157,RIO ARICANDUVA - FOZ,WEBSERVICE,0.8,0.481,2019-01-23 00:00:00 UTC
157,RIO ARICANDUVA - FOZ,WEBSERVICE,1.4,0.61,2019-01-24 00:00:00 UTC
157,RIO ARICANDUVA - FOZ,WEBSERVICE,1.8,0.815,2019-01-25 00:00:00 UTC
157,RIO ARICANDUVA - FOZ,WEBSERVICE,8.0,2.935,2019-01-26 00:00:00 UTC
157,RIO ARICANDUVA - FOZ,WEBSERVICE,9.8,5.268,2019-01-27 00:00:00 UTC
157,RIO ARICANDUVA - FOZ,WEBSERVICE,5.6,3.84,2019-01-28 00:00:00 UTC
157,RIO ARICANDUVA - FOZ,WEBSERVICE,2.2,1.59,2019-01-29 00:00:00 UTC
157,RIO ARICANDUVA - FOZ,WEBSERVICE,0.0,0.749,2019-01-30 00:00:00 UTC
157,RIO ARICANDUVA - FOZ,WEBSERVICE,0.0,0.0,2019-01-31 00:00:00 UTC
279,Ribeirão dos Couros - Jd Taboão,WEBSERVICE,0.0,0.0,2019-01-01 00:00:00 UTC
279,Ribeirão dos Couros - Jd Taboão,WEBSERVICE,0.0,0.0,2019-01-02 00:00:00 UTC
279,Ribeirão dos Couros - Jd Taboão,WEBSERVICE,2.4,0.317,2019-01-03 00:00:00 UTC
279,Ribeirão dos Couros - Jd Taboão,WEBSERVICE,37.8,14.776,2019-01-04 00:00:00 UTC
279,Ribeirão dos Couros - Jd Taboão,WEBSERVICE,15.6,16.697,2019-01-05 00:00:00 UTC
279,Ribeirão dos Couros - Jd Taboão,WEBSERVICE,27.8,8.426,2019-01-06 00:00:00 UTC
279,Ribeirão dos Couros - Jd Taboão,WEBSERVICE,0.2,6.815,2019-01-07 00:00:00 UTC
279,Ribeirão dos Couros - Jd Taboão,WEBSERVICE,18.0,5.189,2019-01-08 00:00:00 UTC
279,Ribeirão dos Couros - Jd Taboão,WEBSERVICE,0.0,6.125,2019-01-09 00:00:00 UTC
279,Ribeirão dos Couros - Jd Taboão,WEBSERVICE,8.6,0.582,2019-01-10 00:00:00 UTC
279,Ribeirão dos Couros - Jd Taboão,WEBSERVICE,32.2,12.233,2019-01-11 00:00:00 UTC
279,Ribeirão dos Couros - Jd Taboão,WEBSERVICE,0.0,3.199,2019-01-12 00:00:00 UTC
279,Ribeirão dos Couros - Jd Taboão,WEBSERVICE,1.4,0.467,2019-01-13 00:00:00 UTC
279,Ribeirão dos Couros - Jd Taboão,WEBSERVICE,0.6,0.625,2019-01-14 00:00:00 UTC
279,Ribeirão dos Couros - Jd Taboão,WEBSERVICE,0.0,0.204,2019-01-15 00:00:00 UTC
279,Ribeirão dos Couros - Jd Taboão,WEBSERVICE,2.6,0.806,2019-01-16 00:00:00 UTC
279,Ribeirão dos Couros - Jd Taboão,WEBSERVICE,0.0,0.885,2019-01-17 00:00:00 UTC
279,Ribeirão dos Couros - Jd Taboão,WEBSERVICE,39.6,12.182,2019-01-18 00:00:00 UTC
279,Ribeirão dos Couros - Jd Taboão,WEBSERVICE,32.8,18.511,2019-01-19 00:00:00 UTC
279,Ribeirão dos Couros - Jd Taboão,WEBSERVICE,5.2,12.861,2019-01-20 00:00:00 UTC
279,Ribeirão dos Couros - Jd Taboão,WEBSERVICE,0.2,1.736,2019-01-21 00:00:00 UTC
279,Ribeirão dos Couros - Jd Taboão,WEBSERVICE,0.4,0.181,2019-01-22 00:00:00 UTC
279,Ribeirão dos Couros - Jd Taboão,WEBSERVICE,0.0,0.068,2019-01-23 00:00:00 UTC
279,Ribeirão dos Couros - Jd Taboão,WEBSERVICE,0.0,0.0,2019-01-24 00:00:00 UTC
279,Ribeirão dos Couros - Jd Taboão,WEBSERVICE,20.0,5.093,2019-01-25 00:00:00 UTC
279,Ribeirão dos Couros - Jd Taboão,WEBSERVICE,0.8,7.039,2019-01-26 00:00:00 UTC
279,Ribeirão dos Couros - Jd Taboão,WEBSERVICE,0.0,0.2,2019-01-27 00:00:00 UTC
279,Ribeirão dos Couros - Jd Taboão,WEBSERVICE,0.0,0.0,2019-01-28 00:00:00 UTC
279,Ribeirão dos Couros - Jd Taboão,WEBSERVICE,0.8,0.308,2019-01-29 00:00:00 UTC
279,Ribeirão dos Couros - Jd Taboão,WEBSERVICE,0.0,0.272,2019-01-30 00:00:00 UTC
279,Ribeirão dos Couros - Jd Taboão,WEBSERVICE,0.0,0.0,2019-01-31 00:00:00 UTC
280,Córrego Oratório - Vila Prudente,WEBSERVICE,0.0,0.0,2019-01-01 00:00:00 UTC
280,Córrego Oratório - Vila Prudente,WEBSERVICE,0.0,0.0,2019-01-02 00:00:00 UTC
280,Córrego Oratório - Vila Prudente,WEBSERVICE,1.8,0.158,2019-01-03 00:00:00 UTC
280,Córrego Oratório - Vila Prudente,WEBSERVICE,28.6,9.336,2019-01-04 00:00:00 UTC
280,Córrego Oratório - Vila Prudente,WEBSERVICE,12.0,12.596,2019-01-05 00:00:00 UTC
280,Córrego Oratório - Vila Prudente,WEBSERVICE,22.4,6.06,2019-01-06 00:00:00 UTC
280,Córrego Oratório - Vila Prudente,WEBSERVICE,0.0,6.261,2019-01-07 00:00:00 UTC
280,Córrego Oratório - Vila Prudente,WEBSERVICE,28.4,8.444,2019-01-08 00:00:00 UTC
280,Córrego Oratório - Vila Prudente,WEBSERVICE,0.0,9.664,2019-01-09 00:00:00 UTC
280,Córrego Oratório - Vila Prudente,WEBSERVICE,16.8,3.297,2019-01-10 00:00:00 UTC
280,Córrego Oratório - Vila Prudente,WEBSERVICE,10.6,8.971,2019-01-11 00:00:00 UTC
280,Córrego Oratório - Vila Prudente,WEBSERVICE,0.0,1.838,2019-01-12 00:00:00 UTC
280,Córrego Oratório - Vila Prudente,WEBSERVICE,0.2,0.068,2019-01-13 00:00:00 UTC
280,Córrego Oratório - Vila Prudente,WEBSERVICE,8.8,2.617,2019-01-14 00:00:00 UTC
280,Córrego Oratório - Vila Prudente,WEBSERVICE,0.0,2.994,2019-01-15 00:00:00 UTC
280,Córrego Oratório - Vila Prudente,WEBSERVICE,0.6,0.074,2019-01-16 00:00:00 UTC
280,Córrego Oratório - Vila Prudente,WEBSERVICE,0.0,0.204,2019-01-17 00:00:00 UTC
280,Córrego Oratório - Vila Prudente,WEBSERVICE,0.4,0.126,2019-01-18 00:00:00 UTC
280,Córrego Oratório - Vila Prudente,WEBSERVICE,10.6,1.624,2019-01-19 00:00:00 UTC
280,Córrego Oratório - Vila Prudente,WEBSERVICE,1.0,3.926,2019-01-20 00:00:00 UTC
280,Córrego Oratório - Vila Prudente,WEBSERVICE,0.2,0.169,2019-01-21 00:00:00 UTC
280,Córrego Oratório - Vila Prudente,WEBSERVICE,0.2,0.128,2019-01-22 00:00:00 UTC
280,Córrego Oratório - Vila Prudente,WEBSERVICE,0.0,0.068,2019-01-23 00:00:00 UTC
280,Córrego Oratório - Vila Prudente,WEBSERVICE,0.0,0.0,2019-01-24 00:00:00 UTC
280,Córrego Oratório - Vila Prudente,WEBSERVICE,24.4,7.419,2019-01-25 00:00:00 UTC
280,Córrego Oratório - Vila Prudente,WEBSERVICE,1.6,9.694,2019-01-26 00:00:00 UTC
280,Córrego Oratório - Vila Prudente,WEBSERVICE,0.0,0.533,2019-01-27 00:00:00 UTC
280,Córrego Oratório - Vila Prudente,WEBSERVICE,0.0,0.0,2019-01-28 00:00:00 UTC
280,Córrego Oratório - Vila Prudente,WEBSERVICE,0.4,0.138,2019-01-29 00:00:00 UTC
280,Córrego Oratório - Vila Prudente,WEBSERVICE,0.0,0.136,2019-01-30 00:00:00 UTC
280,Córrego Oratório - Vila Prudente,WEBSERVICE,0.0,0.0,2019-01-31 00:00:00 UTC
283,Rio Tamanduateí - Vd. Pacheco Chaves,WEBSERVICE,24.4,4.847,2019-01-01 00:00:00 UTC
283,Rio Tamanduateí - Vd. Pacheco Chaves,WEBSERVICE,0.0,8.303,2019-01-02 00:00:00 UTC
283,Rio Tamanduateí - Vd. Pacheco Chaves,WEBSERVICE,2.8,0.275,2019-01-03 00:00:00 UTC
283,Rio Tamanduateí - Vd. Pacheco Chaves,WEBSERVICE,25.2,9.8,2019-01-04 00:00:00 UTC
283,Rio Tamanduateí - Vd. Pacheco Chaves,WEBSERVICE,7.4,11.203,2019-01-05 00:00:00 UTC
283,Rio Tamanduateí - Vd. Pacheco Chaves,WEBSERVICE,21.0,5.596,2019-01-06 00:00:00 UTC
283,Rio Tamanduateí - Vd. Pacheco Chaves,WEBSERVICE,0.0,5.277,2019-01-07 00:00:00 UTC
283,Rio Tamanduateí - Vd. Pacheco Chaves,WEBSERVICE,78.0,24.228,2019-01-08 00:00:00 UTC
283,Rio Tamanduateí - Vd. Pacheco Chaves,WEBSERVICE,0.0,26.542,2019-01-09 00:00:00 UTC
283,Rio Tamanduateí - Vd. Pacheco Chaves,WEBSERVICE,1.2,0.093,2019-01-10 00:00:00 UTC
283,Rio Tamanduateí - Vd. Pacheco Chaves,WEBSERVICE,2.8,1.356,2019-01-11 00:00:00 UTC
283,Rio Tamanduateí - Vd. Pacheco Chaves,WEBSERVICE,0.0,0.34,2019-01-12 00:00:00 UTC
283,Rio Tamanduateí - Vd. Pacheco Chaves,WEBSERVICE,0.0,0.0,2019-01-13 00:00:00 UTC
283,Rio Tamanduateí - Vd. Pacheco Chaves,WEBSERVICE,1.2,0.326,2019-01-14 00:00:00 UTC
283,Rio Tamanduateí - Vd. Pacheco Chaves,WEBSERVICE,4.2,0.553,2019-01-15 00:00:00 UTC
283,Rio Tamanduateí - Vd. Pacheco Chaves,WEBSERVICE,0.2,1.465,2019-01-16 00:00:00 UTC
283,Rio Tamanduateí - Vd. Pacheco Chaves,WEBSERVICE,2.6,0.56,2019-01-17 00:00:00 UTC
283,Rio Tamanduateí - Vd. Pacheco Chaves,WEBSERVICE,0.2,0.91,2019-01-18 00:00:00 UTC
283,Rio Tamanduateí - Vd. Pacheco Chaves,WEBSERVICE,26.8,4.315,2019-01-19 00:00:00 UTC
283,Rio Tamanduateí - Vd. Pacheco Chaves,WEBSERVICE,1.0,9.403,2019-01-20 00:00:00 UTC
283,Rio Tamanduateí - Vd. Pacheco Chaves,WEBSERVICE,0.0,0.136,2019-01-21 00:00:00 UTC
283,Rio Tamanduateí - Vd. Pacheco Chaves,WEBSERVICE,0.4,0.107,2019-01-22 00:00:00 UTC
283,Rio Tamanduateí - Vd. Pacheco Chaves,WEBSERVICE,0.0,0.136,2019-01-23 00:00:00 UTC
283,Rio Tamanduateí - Vd. Pacheco Chaves,WEBSERVICE,12.6,4.082,2019-01-24 00:00:00 UTC
283,Rio Tamanduateí - Vd. Pacheco Chaves,WEBSERVICE,20.0,10.878,2019-01-25 00:00:00 UTC
283,Rio Tamanduateí - Vd. Pacheco Chaves,WEBSERVICE,1.8,8.49,2019-01-26 00:00:00 UTC
283,Rio Tamanduateí - Vd. Pacheco Chaves,WEBSERVICE,0.2,0.674,2019-01-27 00:00:00 UTC
283,Rio Tamanduateí - Vd. Pacheco Chaves,WEBSERVICE,0.0,0.065,2019-01-28 00:00:00 UTC
283,Rio Tamanduateí - Vd. Pacheco Chaves,WEBSERVICE,5.4,1.979,2019-01-29 00:00:00 UTC
283,Rio Tamanduateí - Vd. Pacheco Chaves,WEBSERVICE,0.0,1.838,2019-01-30 00:00:00 UTC
283,Rio Tamanduateí - Vd. Pacheco Chaves,WEBSERVICE,0.0,0.0,2019-01-31 00:00:00 UTC
413,Rio Tamanduateí - Mercado Municipal,WEBSERVICE,9.6,2.008,2019-01-01 00:00:00 UTC
413,Rio Tamanduateí - Mercado Municipal,WEBSERVICE,0.2,3.268,2019-01-02 00:00:00 UTC
413,Rio Tamanduateí - Mercado Municipal,WEBSERVICE,39.6,7.322,2019-01-03 00:00:00 UTC
413,Rio Tamanduateí - Mercado Municipal,WEBSERVICE,16.6,19.164,2019-01-04 00:00:00 UTC
413,Rio Tamanduateí - Mercado Municipal,WEBSERVICE,15.8,9.094,2019-01-05 00:00:00 UTC
413,Rio Tamanduateí - Mercado Municipal,WEBSERVICE,26.2,9.635,2019-01-06 00:00:00 UTC
413,Rio Tamanduateí - Mercado Municipal,WEBSERVICE,0.0,6.942,2019-01-07 00:00:00 UTC
413,Rio Tamanduateí - Mercado Municipal,WEBSERVICE,37.4,11.668,2019-01-08 00:00:00 UTC
413,Rio Tamanduateí - Mercado Municipal,WEBSERVICE,0.0,12.726,2019-01-09 00:00:00 UTC
413,Rio Tamanduateí - Mercado Municipal,WEBSERVICE,0.0,0.0,2019-01-10 00:00:00 UTC
413,Rio Tamanduateí - Mercado Municipal,WEBSERVICE,1.6,0.526,2019-01-11 00:00:00 UTC
413,Rio Tamanduateí - Mercado Municipal,WEBSERVICE,0.0,0.544,2019-01-12 00:00:00 UTC
413,Rio Tamanduateí - Mercado Municipal,WEBSERVICE,0.0,0.0,2019-01-13 00:00:00 UTC
413,Rio Tamanduateí - Mercado Municipal,WEBSERVICE,0.0,0.0,2019-01-14 00:00:00 UTC
413,Rio Tamanduateí - Mercado Municipal,WEBSERVICE,2.8,0.119,2019-01-15 00:00:00 UTC
413,Rio Tamanduateí - Mercado Municipal,WEBSERVICE,1.2,1.158,2019-01-16 00:00:00 UTC
413,Rio Tamanduateí - Mercado Municipal,WEBSERVICE,19.4,4.453,2019-01-17 00:00:00 UTC
413,Rio Tamanduateí - Mercado Municipal,WEBSERVICE,0.4,6.653,2019-01-18 00:00:00 UTC
413,Rio Tamanduateí - Mercado Municipal,WEBSERVICE,0.0,0.136,2019-01-19 00:00:00 UTC
413,Rio Tamanduateí - Mercado Municipal,WEBSERVICE,2.4,0.721,2019-01-20 00:00:00 UTC
413,Rio Tamanduateí - Mercado Municipal,WEBSERVICE,0.0,0.272,2019-01-21 00:00:00 UTC
413,Rio Tamanduateí - Mercado Municipal,WEBSERVICE,22.6,8.226,2019-01-22 00:00:00 UTC
413,Rio Tamanduateí - Mercado Municipal,WEBSERVICE,0.0,7.69,2019-01-23 00:00:00 UTC
413,Rio Tamanduateí - Mercado Municipal,WEBSERVICE,28.8,9.428,2019-01-24 00:00:00 UTC
413,Rio Tamanduateí - Mercado Municipal,WEBSERVICE,19.8,15.599,2019-01-25 00:00:00 UTC
413,Rio Tamanduateí - Mercado Municipal,WEBSERVICE,6.2,8.218,2019-01-26 00:00:00 UTC
413,Rio Tamanduateí - Mercado Municipal,WEBSERVICE,0.2,2.113,2019-01-27 00:00:00 UTC
413,Rio Tamanduateí - Mercado Municipal,WEBSERVICE,0.0,0.0,2019-01-28 00:00:00 UTC
413,Rio Tamanduateí - Mercado Municipal,WEBSERVICE,16.4,5.66,2019-01-29 00:00:00 UTC
413,Rio Tamanduateí - Mercado Municipal,WEBSERVICE,8.8,8.214,2019-01-30 00:00:00 UTC
413,Rio Tamanduateí - Mercado Municipal,WEBSERVICE,0.0,2.994,2019-01-31 00:00:00 UTC
511,Rudge Ramos,WEBSERVICE,0.2,0.05,2019-01-01 00:00:00 UTC
511,Rudge Ramos,WEBSERVICE,0.4,0.164,2019-01-02 00:00:00 UTC
511,Rudge Ramos,WEBSERVICE,1.8,0.389,2019-01-03 00:00:00 UTC
511,Rudge Ramos,WEBSERVICE,29.6,9.915,2019-01-04 00:00:00 UTC
511,Rudge Ramos,WEBSERVICE,27.8,16.176,2019-01-05 00:00:00 UTC
511,Rudge Ramos,WEBSERVICE,22.0,10.753,2019-01-06 00:00:00 UTC
511,Rudge Ramos,WEBSERVICE,0.0,6.533,2019-01-07 00:00:00 UTC
511,Rudge Ramos,WEBSERVICE,38.6,10.915,2019-01-08 00:00:00 UTC
511,Rudge Ramos,WEBSERVICE,0.0,13.135,2019-01-09 00:00:00 UTC
511,Rudge Ramos,WEBSERVICE,19.4,1.871,2019-01-10 00:00:00 UTC
511,Rudge Ramos,WEBSERVICE,19.8,12.185,2019-01-11 00:00:00 UTC
511,Rudge Ramos,WEBSERVICE,0.0,0.0,2019-01-12 00:00:00 UTC
511,Rudge Ramos,WEBSERVICE,8.4,2.801,2019-01-13 00:00:00 UTC
511,Rudge Ramos,WEBSERVICE,2.0,3.351,2019-01-14 00:00:00 UTC
511,Rudge Ramos,WEBSERVICE,0.2,0.728,2019-01-15 00:00:00 UTC
511,Rudge Ramos,WEBSERVICE,6.8,2.163,2019-01-16 00:00:00 UTC
511,Rudge Ramos,WEBSERVICE,0.0,2.314,2019-01-17 00:00:00 UTC
511,Rudge Ramos,WEBSERVICE,47.2,14.608,2019-01-18 00:00:00 UTC
511,Rudge Ramos,WEBSERVICE,27.4,20.085,2019-01-19 00:00:00 UTC
511,Rudge Ramos,WEBSERVICE,4.6,10.635,2019-01-20 00:00:00 UTC
511,Rudge Ramos,WEBSERVICE,1.8,1.894,2019-01-21 00:00:00 UTC
511,Rudge Ramos,WEBSERVICE,1.2,0.91,2019-01-22 00:00:00 UTC
511,Rudge Ramos,WEBSERVICE,0.0,0.408,2019-01-23 00:00:00 UTC
511,Rudge Ramos,WEBSERVICE,0.0,0.0,2019-01-24 00:00:00 UTC
511,Rudge Ramos,WEBSERVICE,22.0,5.578,2019-01-25 00:00:00 UTC
511,Rudge Ramos,WEBSERVICE,0.0,7.4,2019-01-26 00:00:00 UTC
511,Rudge Ramos,WEBSERVICE,0.0,0.0,2019-01-27 00:00:00 UTC
511,Rudge Ramos,WEBSERVICE,0.0,0.0,2019-01-28 00:00:00 UTC
511,Rudge Ramos,WEBSERVICE,1.0,0.386,2019-01-29 00:00:00 UTC
511,Rudge Ramos,WEBSERVICE,0.0,0.34,2019-01-30 00:00:00 UTC
511,Rudge Ramos,WEBSERVICE,0.0,0.0,2019-01-31 00:00:00 UTC
514,Imigrantes,WEBSERVICE,0.0,0.0,2019-01-01 00:00:00 UTC
514,Imigrantes,WEBSERVICE,27.0,6.139,2019-01-02 00:00:00 UTC
514,Imigrantes,WEBSERVICE,0.6,9.271,2019-01-03 00:00:00 UTC
514,Imigrantes,WEBSERVICE,58.2,14.639,2019-01-04 00:00:00 UTC
514,Imigrantes,WEBSERVICE,18.4,25.301,2019-01-05 00:00:00 UTC
514,Imigrantes,WEBSERVICE,19.6,5.833,2019-01-06 00:00:00 UTC
514,Imigrantes,WEBSERVICE,0.0,6.125,2019-01-07 00:00:00 UTC
514,Imigrantes,WEBSERVICE,3.0,0.815,2019-01-08 00:00:00 UTC
514,Imigrantes,WEBSERVICE,0.0,1.021,2019-01-09 00:00:00 UTC
514,Imigrantes,WEBSERVICE,74.0,6.672,2019-01-10 00:00:00 UTC
514,Imigrantes,WEBSERVICE,8.2,27.414,2019-01-11 00:00:00 UTC
514,Imigrantes,WEBSERVICE,0.0,0.0,2019-01-12 00:00:00 UTC
514,Imigrantes,WEBSERVICE,9.2,3.126,2019-01-13 00:00:00 UTC
514,Imigrantes,WEBSERVICE,11.2,6.261,2019-01-14 00:00:00 UTC
514,Imigrantes,WEBSERVICE,0.0,3.811,2019-01-15 00:00:00 UTC
514,Imigrantes,WEBSERVICE,7.6,1.465,2019-01-16 00:00:00 UTC
514,Imigrantes,WEBSERVICE,0.4,2.632,2019-01-17 00:00:00 UTC
514,Imigrantes,WEBSERVICE,35.8,10.751,2019-01-18 00:00:00 UTC
514,Imigrantes,WEBSERVICE,28.2,13.961,2019-01-19 00:00:00 UTC
514,Imigrantes,WEBSERVICE,7.0,11.786,2019-01-20 00:00:00 UTC
514,Imigrantes,WEBSERVICE,11.0,3.543,2019-01-21 00:00:00 UTC
514,Imigrantes,WEBSERVICE,0.2,3.824,2019-01-22 00:00:00 UTC
514,Imigrantes,WEBSERVICE,0.0,0.068,2019-01-23 00:00:00 UTC
514,Imigrantes,WEBSERVICE,0.2,0.054,2019-01-24 00:00:00 UTC
514,Imigrantes,WEBSERVICE,20.0,4.792,2019-01-25 00:00:00 UTC
514,Imigrantes,WEBSERVICE,3.2,7.1,2019-01-26 00:00:00 UTC
514,Imigrantes,WEBSERVICE,0.0,1.067,2019-01-27 00:00:00 UTC
514,Imigrantes,WEBSERVICE,0.0,0.0,2019-01-28 00:00:00 UTC
514,Imigrantes,WEBSERVICE,0.0,0.0,2019-01-29 00:00:00 UTC
514,Imigrantes,WEBSERVICE,0.0,0.0,2019-01-30 00:00:00 UTC
514,Imigrantes,WEBSERVICE,0.0,0.0,2019-01-31 00:00:00 UTC
528,Córrego Água Espraiada - Cabeceira,WEBSERVICE,0.0,0.0,2019-01-01 00:00:00 UTC
528,Córrego Água Espraiada - Cabeceira,WEBSERVICE,0.0,0.0,2019-01-02 00:00:00 UTC
528,Córrego Água Espraiada - Cabeceira,WEBSERVICE,5.4,0.883,2019-01-03 00:00:00 UTC
528,Córrego Água Espraiada - Cabeceira,WEBSERVICE,49.0,16.193,2019-01-04 00:00:00 UTC
528,Córrego Água Espraiada - Cabeceira,WEBSERVICE,18.8,23.206,2019-01-05 00:00:00 UTC
528,Córrego Água Espraiada - Cabeceira,WEBSERVICE,11.2,5.231,2019-01-06 00:00:00 UTC
528,Córrego Água Espraiada - Cabeceira,WEBSERVICE,0.2,2.413,2019-01-07 00:00:00 UTC
528,Córrego Água Espraiada - Cabeceira,WEBSERVICE,1.6,0.446,2019-01-08 00:00:00 UTC
528,Córrego Água Espraiada - Cabeceira,WEBSERVICE,0.0,0.544,2019-01-09 00:00:00 UTC
528,Córrego Água Espraiada - Cabeceira,WEBSERVICE,52.2,3.146,2019-01-10 00:00:00 UTC
528,Córrego Água Espraiada - Cabeceira,WEBSERVICE,0.6,17.924,2019-01-11 00:00:00 UTC
528,Córrego Água Espraiada - Cabeceira,WEBSERVICE,0.0,0.0,2019-01-12 00:00:00 UTC
528,Córrego Água Espraiada - Cabeceira,WEBSERVICE,20.2,6.658,2019-01-13 00:00:00 UTC
528,Córrego Água Espraiada - Cabeceira,WEBSERVICE,15.4,11.3,2019-01-14 00:00:00 UTC
528,Córrego Água Espraiada - Cabeceira,WEBSERVICE,0.0,5.24,2019-01-15 00:00:00 UTC
528,Córrego Água Espraiada - Cabeceira,WEBSERVICE,0.0,0.0,2019-01-16 00:00:00 UTC
528,Córrego Água Espraiada - Cabeceira,WEBSERVICE,0.0,0.0,2019-01-17 00:00:00 UTC
528,Córrego Água Espraiada - Cabeceira,WEBSERVICE,12.8,3.786,2019-01-18 00:00:00 UTC
528,Córrego Água Espraiada - Cabeceira,WEBSERVICE,7.2,5.481,2019-01-19 00:00:00 UTC
528,Córrego Água Espraiada - Cabeceira,WEBSERVICE,6.4,4.385,2019-01-20 00:00:00 UTC
528,Córrego Água Espraiada - Cabeceira,WEBSERVICE,2.4,2.19,2019-01-21 00:00:00 UTC
528,Córrego Água Espraiada - Cabeceira,WEBSERVICE,0.0,0.817,2019-01-22 00:00:00 UTC
528,Córrego Água Espraiada - Cabeceira,WEBSERVICE,0.0,0.0,2019-01-23 00:00:00 UTC
528,Córrego Água Espraiada - Cabeceira,WEBSERVICE,0.0,0.0,2019-01-24 00:00:00 UTC
528,Córrego Água Espraiada - Cabeceira,WEBSERVICE,16.4,3.997,2019-01-25 00:00:00 UTC
528,Córrego Água Espraiada - Cabeceira,WEBSERVICE,23.8,11.049,2019-01-26 00:00:00 UTC
528,Córrego Água Espraiada - Cabeceira,WEBSERVICE,0.0,7.867,2019-01-27 00:00:00 UTC
528,Córrego Água Espraiada - Cabeceira,WEBSERVICE,0.0,0.0,2019-01-28 00:00:00 UTC
528,Córrego Água Espraiada - Cabeceira,WEBSERVICE,0.2,0.075,2019-01-29 00:00:00 UTC
528,Córrego Água Espraiada - Cabeceira,WEBSERVICE,0.0,0.068,2019-01-30 00:00:00 UTC
528,Córrego Água Espraiada - Cabeceira,WEBSERVICE,0.0,0.0,2019-01-31 00:00:00 UTC
563,Córrego Ipiranga - Pç. Leonor Kaupa,WEBSERVICE,5.4,1.099,2019-01-01 00:00:00 UTC
563,Córrego Ipiranga - Pç. Leonor Kaupa,WEBSERVICE,0.0,1.838,2019-01-02 00:00:00 UTC
563,Córrego Ipiranga - Pç. Leonor Kaupa,WEBSERVICE,1.8,0.224,2019-01-03 00:00:00 UTC
563,Córrego Ipiranga - Pç. Leonor Kaupa,WEBSERVICE,21.4,8.344,2019-01-04 00:00:00 UTC
563,Córrego Ipiranga - Pç. Leonor Kaupa,WEBSERVICE,10.4,10.911,2019-01-05 00:00:00 UTC
563,Córrego Ipiranga - Pç. Leonor Kaupa,WEBSERVICE,17.6,5.618,2019-01-06 00:00:00 UTC
563,Córrego Ipiranga - Pç. Leonor Kaupa,WEBSERVICE,0.4,4.588,2019-01-07 00:00:00 UTC
563,Córrego Ipiranga - Pç. Leonor Kaupa,WEBSERVICE,20.2,6.158,2019-01-08 00:00:00 UTC
563,Córrego Ipiranga - Pç. Leonor Kaupa,WEBSERVICE,0.0,6.874,2019-01-09 00:00:00 UTC
563,Córrego Ipiranga - Pç. Leonor Kaupa,WEBSERVICE,37.6,3.444,2019-01-10 00:00:00 UTC
563,Córrego Ipiranga - Pç. Leonor Kaupa,WEBSERVICE,56.2,32.794,2019-01-11 00:00:00 UTC
563,Córrego Ipiranga - Pç. Leonor Kaupa,WEBSERVICE,0.0,18.035,2019-01-12 00:00:00 UTC
563,Córrego Ipiranga - Pç. Leonor Kaupa,WEBSERVICE,0.0,0.0,2019-01-13 00:00:00 UTC
563,Córrego Ipiranga - Pç. Leonor Kaupa,WEBSERVICE,10.6,2.996,2019-01-14 00:00:00 UTC
563,Córrego Ipiranga - Pç. Leonor Kaupa,WEBSERVICE,0.0,3.607,2019-01-15 00:00:00 UTC
563,Córrego Ipiranga - Pç. Leonor Kaupa,WEBSERVICE,0.0,0.0,2019-01-16 00:00:00 UTC
563,Córrego Ipiranga - Pç. Leonor Kaupa,WEBSERVICE,0.0,0.0,2019-01-17 00:00:00 UTC
563,Córrego Ipiranga - Pç. Leonor Kaupa,WEBSERVICE,9.6,2.939,2019-01-18 00:00:00 UTC
563,Córrego Ipiranga - Pç. Leonor Kaupa,WEBSERVICE,23.4,7.028,2019-01-19 00:00:00 UTC
563,Córrego Ipiranga - Pç. Leonor Kaupa,WEBSERVICE,1.4,8.367,2019-01-20 00:00:00 UTC
563,Córrego Ipiranga - Pç. Leonor Kaupa,WEBSERVICE,0.2,0.401,2019-01-21 00:00:00 UTC
563,Córrego Ipiranga - Pç. Leonor Kaupa,WEBSERVICE,0.4,0.192,2019-01-22 00:00:00 UTC
563,Córrego Ipiranga - Pç. Leonor Kaupa,WEBSERVICE,0.0,0.136,2019-01-23 00:00:00 UTC
563,Córrego Ipiranga - Pç. Leonor Kaupa,WEBSERVICE,0.0,0.0,2019-01-24 00:00:00 UTC
563,Córrego Ipiranga - Pç. Leonor Kaupa,WEBSERVICE,28.8,9.865,2019-01-25 00:00:00 UTC
563,Córrego Ipiranga - Pç. Leonor Kaupa,WEBSERVICE,22.4,16.058,2019-01-26 00:00:00 UTC
563,Córrego Ipiranga - Pç. Leonor Kaupa,WEBSERVICE,0.2,7.45,2019-01-27 00:00:00 UTC
563,Córrego Ipiranga - Pç. Leonor Kaupa,WEBSERVICE,0.0,0.0,2019-01-28 00:00:00 UTC
563,Córrego Ipiranga - Pç. Leonor Kaupa,WEBSERVICE,0.0,0.0,2019-01-29 00:00:00 UTC
563,Córrego Ipiranga - Pç. Leonor Kaupa,WEBSERVICE,0.0,0.0,2019-01-30 00:00:00 UTC
563,Córrego Ipiranga - Pç. Leonor Kaupa,WEBSERVICE,0.0,0.0,2019-01-31 00:00:00 UTC
629,Córrego Moinho Velho  - R. Dois de Julho,WEBSERVICE,20.6,4.136,2019-01-01 00:00:00 UTC
629,Córrego Moinho Velho  - R. Dois de Julho,WEBSERVICE,0.0,7.01,2019-01-02 00:00:00 UTC
629,Córrego Moinho Velho  - R. Dois de Julho,WEBSERVICE,2.8,0.278,2019-01-03 00:00:00 UTC
629,Córrego Moinho Velho  - R. Dois de Julho,WEBSERVICE,33.6,12.181,2019-01-04 00:00:00 UTC
629,Córrego Moinho Velho  - R. Dois de Julho,WEBSERVICE,9.2,14.078,2019-01-05 00:00:00 UTC
629,Córrego Moinho Velho  - R. Dois de Julho,WEBSERVICE,27.8,7.085,2019-01-06 00:00:00 UTC
629,Córrego Moinho Velho  - R. Dois de Julho,WEBSERVICE,0.0,6.057,2019-01-07 00:00:00 UTC
629,Córrego Moinho Velho  - R. Dois de Julho,WEBSERVICE,62.2,19.081,2019-01-08 00:00:00 UTC
629,Córrego Moinho Velho  - R. Dois de Julho,WEBSERVICE,0.0,21.165,2019-01-09 00:00:00 UTC
629,Córrego Moinho Velho  - R. Dois de Julho,WEBSERVICE,4.2,0.238,2019-01-10 00:00:00 UTC
629,Córrego Moinho Velho  - R. Dois de Julho,WEBSERVICE,17.4,7.454,2019-01-11 00:00:00 UTC
629,Córrego Moinho Velho  - R. Dois de Julho,WEBSERVICE,0.0,4.219,2019-01-12 00:00:00 UTC
629,Córrego Moinho Velho  - R. Dois de Julho,WEBSERVICE,0.0,0.0,2019-01-13 00:00:00 UTC
629,Córrego Moinho Velho  - R. Dois de Julho,WEBSERVICE,1.6,0.433,2019-01-14 00:00:00 UTC
629,Córrego Moinho Velho  - R. Dois de Julho,WEBSERVICE,1.8,0.6,2019-01-15 00:00:00 UTC
629,Córrego Moinho Velho  - R. Dois de Julho,WEBSERVICE,0.0,0.613,2019-01-16 00:00:00 UTC
629,Córrego Moinho Velho  - R. Dois de Julho,WEBSERVICE,0.4,0.074,2019-01-17 00:00:00 UTC
629,Córrego Moinho Velho  - R. Dois de Julho,WEBSERVICE,0.6,0.247,2019-01-18 00:00:00 UTC
629,Córrego Moinho Velho  - R. Dois de Julho,WEBSERVICE,24.6,4.032,2019-01-19 00:00:00 UTC
629,Córrego Moinho Velho  - R. Dois de Julho,WEBSERVICE,0.8,8.592,2019-01-20 00:00:00 UTC
629,Córrego Moinho Velho  - R. Dois de Julho,WEBSERVICE,0.0,0.136,2019-01-21 00:00:00 UTC
629,Córrego Moinho Velho  - R. Dois de Julho,WEBSERVICE,0.0,0.0,2019-01-22 00:00:00 UTC
629,Córrego Moinho Velho  - R. Dois de Julho,WEBSERVICE,0.0,0.0,2019-01-23 00:00:00 UTC
629,Córrego Moinho Velho  - R. Dois de Julho,WEBSERVICE,2.0,0.646,2019-01-24 00:00:00 UTC
629,Córrego Moinho Velho  - R. Dois de Julho,WEBSERVICE,27.0,10.617,2019-01-25 00:00:00 UTC
629,Córrego Moinho Velho  - R. Dois de Julho,WEBSERVICE,3.2,12.439,2019-01-26 00:00:00 UTC
629,Córrego Moinho Velho  - R. Dois de Julho,WEBSERVICE,0.2,1.135,2019-01-27 00:00:00 UTC
629,Córrego Moinho Velho  - R. Dois de Julho,WEBSERVICE,0.0,0.065,2019-01-28 00:00:00 UTC
629,Córrego Moinho Velho  - R. Dois de Julho,WEBSERVICE,2.0,0.711,2019-01-29 00:00:00 UTC
629,Córrego Moinho Velho  - R. Dois de Julho,WEBSERVICE,0.0,0.681,2019-01-30 00:00:00 UTC
629,Córrego Moinho Velho  - R. Dois de Julho,WEBSERVICE,0.0,0.0,2019-01-31 00:00:00 UTC
